State,Sector,Sl No,"Project Name
(Agency Name)
(Project Code)","Date
of
Approval
(MM/YYYY)","Date of
Commissioning
Original
(Revised)
{Anticipated}
(MM/YYYY)","Cost Original
(Revised)
{Anticipated}
in Rs. Crore","Cumulative
Expenditure
in Rs. Crore","Physical
Progress
(%)"
"Andaman &
Nicobar",Urban Development,249,"Integrated Command control Center [ICCC] - Construction and Development of
Integrated Command Control Center with Security, Surveillance, ITMS, Connecting
Port, Ship Service, Smart Solid Waste Management, Smart Public Transport System
(Smart City Mission)
(707229)",21-Nov,"05/2023
(-)","209.88
(209.88)",0,0
Andhra Pradesh,Civil Aviation,1,"Construction of New Domestic Terminal Building Building and miscellaneous works
including maintenance, operations and AICMC at Kadapa Airport
(Airport Authority of India [AAI])
(612786)",24-Jan,"01/2026
03/2026","265.91
(265.91)",45.54,31
Andhra Pradesh,Civil Aviation,2,"Construction of New Integrated Terminal Building and associated works including
apron to park 3 code E type of aircraft or 6 code C type of aircraft at Vijayawada
Airport.
(Airport Authority of India [AAI])
(701107)",20-Sep,"09/2022
12/2025","611.8
(611.8)",464.55,77
Andhra Pradesh,Civil Aviation,3,"Construction of New Domestic Terminal Building at Rajahmundry Airport.
(Airport Authority of India [AAI])
(701121)",23-Aug,"08/2025
12/2025","347.15
(347.15)",81.23,49
Andhra Pradesh,Department of Higher Education,292,"Construction of Permanent Campus of Central Tribal University of Andhra Pradesh
Phase-1
(Central Tribal University of Andhra Pradesh)
(613008)",23-Dec,"06/2027
(-)","305
(305)",83.33,24
Andhra Pradesh,Petroleum,322,"Construction of Aviation Fuel farm Facilities at Bhogapuram Airport
(Ministry of Petroleum & Natural Gas)
(616235)",24-Aug,"03/2026
03/2026","240
(240)",31.23,50
Andhra Pradesh,Petroleum,339,"KG-DWN-98/2 Cluster - II Development Project - NELP Block
(Oil and Natural Gas Corporation Limited [ONGC])
(400120)",16-Mar,"06/2020
06/2026","34012
(34012)",35498.35,96
Andhra Pradesh,Petroleum,340,"HP-COAT [Crude to Olefins and Aromatics Technology] demo unit at Visakh Refinery
(Hindustan Petroleum Corporation Limited)
(709752)",21-Sep,"06/2024
03/2026","160
(220)",77.06,64
Andhra Pradesh,Petroleum,341,"HP Trijet Unit in Visakh Refinery
(Hindustan Petroleum Corporation Limited)
(709761)",24-Jul,"07/2027
07/2027","193
(193)",0.43,23
Andhra Pradesh,Petroleum,342,"City Gas Distribution Project at Kurnool, Guntur & Prakasam Districts
(MinistryofPetroleumNaturalGas)
(709766)",22-Mar,"03/2030
03/2030","1420
(1420)",162.47,6
Andhra Pradesh,Power,186,"Transmission Scheme for Solar Energy Zone in Ananthpuram 2500MW and Kurnool
1000MW
(Power Grid Corporation of India Limited [POWERGRID])
(611967)",23-Sep,"09/2025
04/2026","1248.69
(1248.69)",820.26,78
Andhra Pradesh,Power,187,"Augmentation of 1x1500 MVA 3rd 765/400 kV transformation capacity at Kurnool
New Substation
(Power Grid Corporation of India Limited [POWERGRID])
(612856)",23-Dec,"09/2025
11/2025","163.61
(163.61)",50.72,39
Andhra Pradesh,Power,188,"Transmission system strengthening at Kurnool- III PS for integration of additional RE
generation projects [POWERGRID Kurnool III PS RE Transmission Limited]
(Power Grid Corporation of India Limited [POWERGRID])
(617183)",25-Mar,"12/2027
(-)","2886
(2886)",28.86,0
Andhra Pradesh,Railways,448,"Nadikudi - Srikalahasti New Line
(South Central Railway [SCR] - II)
(400298)",16-Dec,"05/2027
03/2028","2312
(5200)",2179,54
Andhra Pradesh,Railways,449,"Malugur- Palasamudram New Line Project [17.975 Km]
(South Western Railway [SWR] - II)
(611615)",25-Nov,"11/2027
12/2027","342
(342.14)",0,0
Andhra Pradesh,Railways,450,"GOOTY-PENDEKALLU DOUBLING 29.225 Km
(South Central Railway [SCR] - II)
(611752)",23-Jun,"03/2027
03/2027","351.83
(351.83)",18,25
Andhra Pradesh,Railways,451,"GUNTAKAL WEST-MALLAPPA GATE RAIL OVER RAIL - ROR TRACK
(South Central Railway [SCR] - II)
(611754)",23-Jul,"07/2026
(-)","293.3
(293.3)",0,0
Andhra Pradesh,Railways,452,"Kurnool - Setting up facilities for coach midlife rehabilitation workshop
(WPO/Patna)
(611927)",17-Oct,"12/2023
(-)","560.72
(560.72)",276.66,65
Andhra Pradesh,Railways,453,"Flyover between Pendurthi and Simhachalam North to avoid surface crossing at
Simhachalam 7.135 km PB 73 of 2023 24 NR
(East Coast Railway [ECoR] - II)
(612827)",24-May,"04/2027
(-)","183.65
(183.65)",4.16,11
Andhra Pradesh,Railways,454,"3rd & 4th line between Vadlapudi -Gate Jn. cabin and Tie line between Gate Junction
to Gangavaram port
(East Coast Railway [ECoR] - II)
(616697)",24-Mar,"06/2026
(-)","154.28
(154.28)",10.79,16
Andhra Pradesh,Railways,455,"Tiupati Katpadi 104.39 kms
(South Central Railway [SCR] - II)
(617210)",25-Apr,"03/2029
(-)","1215.56
(1215.56)",0,0
Andhra Pradesh,Railways,456,"3rd Line between Gudur Renigunta 83.17 Km
(South Central Railway [SCR] - II)
(617216)",24-Oct,"03/2027
(-)","877.34
(877.34)",2.97,0
Andhra Pradesh,Railways,457,"Kotapalli - Narasapur New Line
(South Central Railway [SCR] - II)
(705436)",13-Sep,"03/2028
03/2028","2501
(2501)",1264.18,29
Andhra Pradesh,Railways,458,"Guntur-Guntakal Doubling Project
(South Central Railway [SCR] - II)
(705633)",17-Nov,"12/2025
12/2026","3733
(4295)",4112.59,92
Andhra Pradesh,Railways,459,"Vijaywada-Gudur 3rd Line
(RVNL - II)
(705648)",18-Apr,"11/2024
12/2025","6654
(6654)",5922,90
Andhra Pradesh,Railways,460,"Penukonda - Dharmavaram Doubling Project [41.5 Km]
(South Western Railway [SWR] - II)
(705789)",18-Dec,"03/2026
03/2026","307.66
(307.66)",267.83,60
Andhra Pradesh,Urban Development,721,"Krishnapatnam Node - Phase 1 - Roads and Services Development
(National Industrial Corridor Development Corporation)
(701658)",24-Feb,"02/2028
(-)","2139.44
(2139.44)",327.99,14
Andhra Pradesh,Water Resources,747,"Sardar Gouthu Latchanna Thotapalli Barrage Project
(Water Resources-AP)
(400100)",6-Jan,"12/2019
03/2025","353.05
(1023.24)",869.11,95
Andhra Pradesh,Water Resources,748,"Gundlakamma project
(Water Resources-AP)
(400101)",5-Apr,"12/2019
03/2027","397.41
(697.39)",610.89,98
Andhra Pradesh,Water Resources,749,"Polavaram Irrigation Project
(Water Resources-AP)
(701415)",4-Nov,"04/2022
03/2026","10151.04
(55548.9)",24347.76,83
Arunachal Pradesh,Department of Higher Education,293,"Construction of Permanent Campus of National Institute of Technology Arunachal
Pradesh
(National Institute of Technology, Arunachal Pradesh)
(612898)",13-Mar,"08/2026
(-)","592.61
(592.61)",549.96,75
Arunachal Pradesh,Power,155,"Dibang Multipurpose Project
(National Highways & Infrastructure Development Corporation Ltd. [NHIDCL])
(602182)",23-Feb,"02/2032
02/2032","31876.39
(31876.4)",3436.38,16
Arunachal Pradesh,Power,156,"240MW Heo HE Project
(North Eastern Electric Power Corporation Limited)
(611698)",25-May,"07/2029
(-)","1938.85
(1938.85)",49.31,3
Arunachal Pradesh,Power,157,"186 MW Tato-I H E Project
(North Eastern Electric Power Corporation Limited)
(611699)",25-May,"07/2029
(-)","1750.07
(1750.07)",102.79,2
Assam,Civil Aviation,4,"Guwahati Airport New Integrated Terminal Building Construction Project
(Adani Airport Holdings Limited)
(706724)",18-Mar,"03/2025
(-)","1712
(1712)",0,94.1
Assam,Coal,28,"TIKAK EXTENSION OCP
(MIS MoCoal Integration Logins)
(615820)",22-Jul,"07/2031
(-)","159.77
(159.77)",80.84,0
Assam,Coal,29,"TIRAP OCP
(MIS MoCoal Integration Logins)
(615821)",22-Nov,"11/2030
(-)","289.46
(289.46)",105.47,0
Assam,Department of Higher Education,294,"Tezpur University Projects
(Tezpur University)
(606112)",21-Jun,"11/2023
08/2025","153.71
(153.71)",288.87,93
Assam,Petroleum,323,"Construction of LPG Facilities at Kamardanga, Assam
(Hindustan Petroleum Corporation Limited)
(709754)",23-Mar,"07/2027
07/2027","156.36
(156.36)",49.78,39
Assam,Petroleum,324,"Setting up of new rail fed POL facility at Kamardanga, Assam
(Hindustan Petroleum Corporation Limited [HPCL])
(709755)",23-Mar,"07/2027
07/2027","384.04
(384.04)",110.44,48
Assam,Petroleum,343,"Numaligarh Refinery Expansion Project
(Ministry of Petroleum & Natural Gas)
(604791)",20-Jul,"07/2024
12/2025","12366
(22494)",16502.36,75
Assam,Petroleum,344,"Assam Bio Refinery, ABRPL
(Ministry of Petroleum & Natural Gas)
(604792)",18-Feb,"09/2021
07/2025","1750
(4200)",4650,99
Assam,Petroleum,345,"Development of Surface Facilities for production and evacuation of Crude Oil and
Natural Gas from Nadua and East Khagorija
(Ministry of Petroleum & Natural Gas)
(604863)",18-Jan,"02/2020
12/2025","682.9
(726.93)",488.37,94
Assam,Petroleum,346,"Guwahati Refinery Expansion [1.0 to 1.2 MMTPA] along with installation of CRU,
Guwahati Refinery
(Ministry of Petroleum & Natural Gas)
(607701)",21-May,"10/2023
05/2026","412.3
(577)",430.83,84
Assam,Petroleum,347,"Construction of Field Gas Gathering Station at Baghjan area for collection, processing
& transportation of natural Gas to be produced from Baghjan Field
(Ministry of Petroleum & Natural Gas)
(616858)",20-Dec,"03/2024
12/2025","430.76
(430.76)",326.12,85
Assam,Petroleum,348,"Augmentation/Revamping of Facilities at existing Guwahati Terminal at Betkuchi
(MinistryofPetroleumNaturalGas)
(709776)",22-Apr,"09/2026
09/2026","277
(323.09)",185.18,67
Assam,Petroleum,349,"Capacity Expansion of Digboi Refinery from 0.65 to 1.0 MMTPA
(MinistryofPetroleumNaturalGas)
(709779)",22-Jun,"03/2026
03/2026","768
(740)",99.02,35
Assam,Petroleum,350,"Pipeline Network Project Rudrasagar
(Ministry of Petroleum & Natural Gas)
(709847)",23-Jan,"04/2026
04/2026","344.99
(344.99)",210.89,46
Assam,Petroleum,351,"Borholla GGS Life Extension Project [BLEP]
(Ministry of Petroleum & Natural Gas)
(709850)",23-Sep,"05/2026
05/2026","198.7
(198.7)",36.78,29
Assam,Petroleum,352,"DCU Revamp Project
(NRL)
(709864)",21-Aug,"07/2024
10/2025","370
(370)",249.41,57
Assam,Petroleum,353,"Power Recovery Turbine [PRT] in PFCCU unit as an Energy Conservation Scheme
(NRL)
(709865)",23-Apr,"12/2024
10/2025","293.5
(293.5)",97.22,93
Assam,Railways,461,"AGTHORI KAMAKHYA SECTION WITH CONSTRUCTION OF NEW RAIL CUM-
ROAD BRIDGE AT SARAIGHAT - 7.062KM
(Northeast Frontier Railway [NFR])
(613788)",25-May,"12/2029
(-)","1473.77
(1473.77)",0,0
Assam,Railways,462,"Doubling of New Bonggigaon to Kamakhya via Goalpara - 176 km
(Northeast Frontier Railway [NFR])
(705572)",16-Sep,"03/2026
03/2026","4060
(4961)",3683.75,93
Assam,Railways,463,"Guwahati-Dibrugarh via Tinsukia & Simaluguri-Dibrugarh
(Central Organisation for Railway Electrification [CORE])
(706922)",18-Sep,"09/2020
06/2024","890.36
(889.36)",391.73,89
Assam,Water Resources,750,"Borolia Irrigation Project
(Department of Water Resources, River Development & GR)
(701370)",Dec-96,"12/2022
03/2025","256.16
(256.16)",0,0
Bihar,Civil Aviation,5,"Development of New Civil Enclave at Bihta
(Airport Authority of India [AAI])
(612183)",25-Mar,"09/2027
(-)","1413
(1413)",0,1
Bihar,Civil Aviation,6,"Development of New Civil Enclave and associated works at Darbhanga Airport
(Airport Authority of India [AAI])
(612194)",24-Jul,"01/2026
(-)","911.66
(911.66)",133.01,23
Bihar,Civil Aviation,7,"Construction of New Domestic Terminal Building [Phase-I and II] and other allied
structures at JPNI Airport, Patna
(Airport Authority of India [AAI])
(701101)",18-Oct,"07/2023
11/2025","1216.9
(1216.9)",1046.48,94
Bihar,Department of Higher Education,295,"Additional Campus of NITPatna
(NIT Patna)
(606013)",22-Aug,"07/2024
01/2026","499.21
(499.21)",425.47,91
Bihar,Petroleum,354,"City Gas Distribution Project at Khagaria, Saharsa and Madhepura
(Ministry of Petroleum & Natural Gas)
(617303)",19-Mar,"03/2030
03/2030","163
(163)",95.54,40
Bihar,Petroleum,355,"Setting up of LPG Plant with Rail Unloading Facility at Hathua, Dist. Gopalganj, Bihar
(MinistryofPetroleumNaturalGas)
(617304)",23-Oct,"03/2027
03/2027","340.15
(340.15)",88.08,24
Bihar,Petroleum,356,"Barauni Refinery Capacity Expansion from 6.0 to 9.0 MMTPA
(Ministry of Petroleum & Natural Gas)
(701324)",20-Jan,"04/2023
08/2026","14810
(16724)",11728.01,87
Bihar,Petroleum,357,"Installation of Bitumen Manufacturing Unit along with allied facilities at Barauni
Refinery
(MinistryofPetroleumNaturalGas)
(709777)",22-Jan,"04/2025
10/2026","389.35
(340)",46.94,37
Bihar,Petroleum,358,"City Gas Distribution Projects at Darbhanga, Madhubani, Supaul, Sitamarhi and
Sheohar districts
(Bharat Petroleum Corporation Limited [BPCL])
(709792)",22-Dec,"03/2030
03/2030","3638
(3638)",396.42,21
Bihar,Petroleum,359,"City Gas Distribution Projects at Gopalganj, Siwan, West Champaran, East
Champaran and Deoria districts
(Bharat Petroleum Corporation Limited [BPCL])
(709793)",22-Dec,"06/2030
06/2030","3919
(3919)",392.59,14
Bihar,Power,158,"Buxar Thermal Power Project [1320 MW]
(Satluj Jal Vidyut Nigam [SJVN] Thermal Limited)
(602579)",19-Jun,"01/2024
11/2025","10439.09
(13756.6)",11970.96,92
Bihar,Railways,464,"Sakri -Hasanpur [via Harnagar - Kusheshwar Asthan] New Railway line
(East Central Railway [ECR] - I)
(400254)",Aug-97,"12/2024
03/2027","735.2
(735.2)",585.09,81
Bihar,Railways,465,"Construction of Bulb line at Nabinagar Ankorah of East Central Railway
(East Central Railway [ECR] - I)
(617231)",26-May,"06/2028
(-)","611.74
(611.74)",0,0
Bihar,Railways,466,"Sakri-Hasanpur Road New Rail Line Project
(East Central Railway [ECR] - I)
(705363)",11-Mar,"12/2024
03/2025","735
(735)",605,78
Bihar,Railways,467,"Khagaria-Kusheshwar Asthan [42Km] new line project
(East Central Railway [ECR] - I)
(705364)",Dec-98,"12/2024
03/2027","614
(1384)",479.22,55
Bihar,Railways,468,"Hajipur-Sagauli New line
(East Central Railway [ECR] - I)
(705366)",4-Oct,"03/2020
12/2026","2067
(2087)",1908.49,74
Bihar,Railways,469,"Araria Supaul New BG Line
(East Central Railway [ECR] - II)
(705368)",9-Mar,"03/2024
01/2027","1605
(2514)",1311.39,33
Bihar,Railways,470,"Fatuha-Islampur incl. MM for extn.of NL from Neora to Daniawan , Daniawan to
Biharsharif, Biharsharif to Barbigha , Barbigha to Shekhpura
(East Central Railway [ECR] - II)
(705373)",2-Mar,"03/2023
08/2025","1473
(2882)",2824.8,91
Bihar,Railways,471,"New B.G. Railway Line- Araria to Galgalia [Thakurgunj]
(Northeast Frontier Railway [NFR])
(705400)",7-Jun,"12/2024
07/2025","2650
(4412)",4152.4,96
Bihar,Railways,472,"Jogbani-Biratnagar New Rail Line project
(Indian Railway Construction International Limited [IRCON])
(705450)",11-Jan,"03/2022
12/2026","402
(486)",361,86
Bihar,Railways,473,"Samastipur-Darbhanga Doubling Railway Project
(East Central Railway [ECR] - I)
(705526)",15-Dec,"03/2025
10/2025","519
(519)",337.03,82
Bihar,Railways,474,"Sagauli-Valmiknagar
(East Central Railway [ECR] - II)
(705527)",17-Mar,"12/2025
12/2025","1216
(2222)",2039,91
Bihar,Railways,475,"Muzaffarpur-Sugauli
(East Central Railway [ECR] - II)
(705528)",17-Mar,"06/2024
08/2025","1586
(1586)",1586.82,99
Bihar,Railways,476,"Rampur Dumra-Tal-Rajendrapul Additional Bridge and Railway Line Doubling
(Indian Railway Construction International Limited [IRCON])
(706759)",17-May,"12/2024
12/2025","2374
(2374)",1777,85
Bihar,Telecommunications,739,"Interception and Diversion and STP works in Bhagalpur under Hybrid annuity based
PPP mode-Namami Gange Programme
(National Mission for Clean Ganga)
(616600)",22-Mar,"02/2025
12/2025","413.29
(413.29)",126.67,0
Bihar,Telecommunications,740,"Sewage Treatment Plant 100MLD and Sewerage Network 288 km in Digha-Patna
under Hybrid annuity based PPP mode-Namami Gange Programme
(National Mission for Clean Ganga)
(616611)",19-Jul,"12/2025
(-)","824
(824)",385.32,55
Bihar,Telecommunications,741,"Sewage Treatment Plant 50MLD and Sewerage Network 150 km in Kankarbagh-
Patna under Hybrid annuity based PPP mode-Namami Gange Programme
(National Mission for Clean Ganga)
(616612)",19-Jul,"12/2025
(-)","578.89
(578.89)",165.84,53
Bihar,Telecommunications,742,"Sewer Network, SPS and STP at Begusarai
(National Mission for Clean Ganga)
(616615)",18-Mar,"04/2025
12/2025","230.06
(230.06)",261.48,97
Bihar,Telecommunications,743,"Sewer Networks, SPS and STP at Hajipur
(National Mission for Clean Ganga)
(616616)",18-Mar,"06/2025
12/2025","305.19
(305.19)",346.44,95
Bihar,Urban Development,250,"In-Situ Slum Redevelopment Project in Bihar
(PMAY, Ministry of Housing and Urban Affairs)
(702522)",15-Jun,"03/2024
(-)","454.65
(454.65)",204.64,0
Bihar,Urban Development,259,"Patna Metro Rail Project
(Patna Metro Rail Corporation Ltd. [PMRCL])
(702627)",19-Feb,"02/2024
06/2027","13365.77
(13365.8)",4039.77,40.07
Bihar,Water Resources,751,"Punpun Barrage Project
(Water Resources-BR)
(400104)",7-Apr,"12/2019
03/2026","571.07
(658.12)",469.66,44
Bihar,Water Resources,752,"Durgawati Reservoir Project
(Irrigation and CAD-TG)
(701371)",Apr-97,"12/2019
12/2024","691.15
(971.96)",978.51,87
Chandigarh,Urban Development,251,"In-Situ Slum Redevelopment Project in Haryana
(PMAY, Ministry of Housing and Urban Affairs)
(702544)",15-Jun,"03/2024
(-)","285.85
(285.85)",127.58,0
Chhattisgarh,Coal,30,"PORDA CHIMTAPANI OCP [10 MTY]
(South Eastern Coalfields Limited [SECL])
(400144)",20-Dec,"03/2029
(-)","2310.12
(2310.12)",83.66,10
Chhattisgarh,Coal,31,"CHHAL OC SEAM III [6 MTY]
(South Eastern Coalfields Limited [SECL])
(400145)",13-Dec,"03/2022
09/2025","610.63
(610.63)",577.46,85
Chhattisgarh,Coal,32,"KUSMUNDA OC EXPANSION [15 TO 50 MTY]
(South Eastern Coalfields Limited [SECL])
(400147)",13-Aug,"03/2023
03/2030","7612.33
(7612.33)",4697.95,81
Chhattisgarh,Coal,33,"BAROUD OC EXPANSION [3.0-10.0MTY]
(South Eastern Coalfields Limited [SECL])
(400149)",20-Aug,"03/2029
(-)","2309.8
(2309.8)",913.03,47
Chhattisgarh,Coal,34,"DIPKA EXPANSION OCP [40 MTY]
(South Eastern Coalfields Limited [SECL])
(400354)",20-Dec,"03/2029
(-)","5241.4
(5241.4)",2675,37
Chhattisgarh,Coal,35,"GEVRA OC [70 MTY]
(South Eastern Coalfields Limited [SECL])
(400424)",16-Mar,"03/2023
03/2026","11816.4
(11816.4)",5328.96,77
Chhattisgarh,Coal,36,"JAMPALI OC RCE [2.0 MTY]
(SECL - CIL)
(613795)",20-May,"03/2025
06/2025","278.64
(278.64)",210.07,82
Chhattisgarh,Coal,37,"AMERA OC RCE [1.0 MTY]
(South Eastern Coalfields Limited [SECL])
(613798)",15-Feb,"03/2026
(-)","335.97
(335.97)",87.47,42
Chhattisgarh,Coal,38,"AMGAON OC RCE [1.0 MTY]
(South Eastern Coalfields Limited [SECL])
(613799)",15-Jul,"03/2026
(-)","316.11
(316.11)",188.53,71
Chhattisgarh,Coal,39,"JAGANNATHPUR OC RCE PROJECT[3.0 MTY]
(South Eastern Coalfields Limited [SECL])
(613800)",16-Jul,"03/2025
03/2026","459.49
(459.49)",274.35,92
Chhattisgarh,Coal,40,"MAHAMAYA OCP [1.50 MTY]
(South Eastern Coalfields Limited [SECL])
(613801)",18-May,"03/2026
(-)","410.26
(410.26)",169.3,38
Chhattisgarh,Coal,41,"KATKONA RO UG MINE
(South Eastern Coalfields Limited [SECL])
(615191)",23-Jan,"03/2029
(-)","329.21
(329.21)",60.3,2
Chhattisgarh,Coal,42,"PELMA OC MDO
(South Eastern Coalfields Limited [SECL])
(616234)",22-Oct,"03/2033
(-)","1725.04
(1725.04)",15.63,17
Chhattisgarh,Coal,43,"KUSMUNDA OC EXPANSION PROJECT 50-75 MTY
(SECL - CIL)
(617287)",24-Nov,"03/2030
(-)","4516.88
(4516.88)",16.97,3
Chhattisgarh,Coal,44,"MANIKPUR OC EXPANSION PROJECT 7 MTY
(South Eastern Coalfields Limited [SECL])
(617288)",25-Jan,"03/2029
(-)","382.61
(382.61)",0.86,1
Chhattisgarh,Mines,701,"Capacity expansion of Deposit-14 and 14 NMZ at Kirandul
(National Mineral Development Corporation Limited [NMDC])
(615202)",22-Jul,"12/2028
03/2028","1700
(1756.2)",65.44,2
Chhattisgarh,Power,159,"Lara Super Thermal Power Project Stage-II [2 x 800 MW]
(National Thermal Power Corporation [NTPC])
(611930)",23-Aug,"06/2028
(-)","15530
(15530)",2288,14
Chhattisgarh,Power,160,"Sipat Super Thermal Power Project, Stage-III [1x800 MW]
(National Thermal Power Corporation [NTPC])
(617188)",24-Sep,"09/2029
(-)","9791
(9791)",0,0
Chhattisgarh,Power,189,"Western Region Expansion Scheme-XXV
(Power Grid Corporation of India Limited [POWERGRID])
(611737)",23-Feb,"11/2023
09/2025","385.84
(385.84)",378.16,96
Chhattisgarh,Railways,151,"Dharamjaigarh-Korba
(WR)
(400203)",17-Mar,"12/2026
08/2026","1686.22
(1686.22)",342.96,40
Chhattisgarh,Railways,477,"Kharsia-Dharamjaygarh with Spur line [East Corridor-Phase 1]
(Indian Railway Construction International Limited [IRCON])
(400220)",14-Jan,"09/2018
03/2026","3055
(3438)",2574.54,94
Chhattisgarh,Railways,478,"Doubling of Kirandul-Jagdalpur Line [150 km]
(East Coast Railway [ECoR] - II)
(400291)",13-Mar,"03/2020
12/2025","1589
(1798)",1541.7,92
Chhattisgarh,Railways,479,"Gauge Conversion of Kendri-Dhamtari including Abhanpur - Rajim Branch line 67.20
Kms - 2nd Material Modification to Raipur Titlagarh doubling.
(SECR)
(602792)",21-May,"02/2025
11/2025","1171
(1171)",848,82
Chhattisgarh,Railways,480,"4th line between Nipania Bhatapara 14.4 Km
(South East Central Railway [SECR] - II)
(612815)",24-May,"03/2027
(-)","170.49
(170.49)",0,0
Chhattisgarh,Railways,481,"Dharamjaigarh-Korba 63 km
(CERL)
(613003)",22-Jul,"08/2026
(-)","1686.26
(1686.26)",288.83,18.5
Chhattisgarh,Railways,482,"KHARSIA- NAYA RAIPUR-PARMALKASA 5th and 6th Line [278KM]
(CAO/C/SECR)
(617200)",25-Apr,"03/2031
(-)","7853.84
(7853.84)",0,0
Chhattisgarh,Railways,483,"Dallirajhra- Rowghat New Railway Line - Phase I [95 km]
(RVNL - II)
(705433)",9-Dec,"09/2025
12/2025","1628
(1628)",1440.85,82
Chhattisgarh,Railways,484,"Gevra Road-Pendra Road New Railway Line [135 km]
(Indian Railway Construction International Limited [IRCON])
(705444)",14-Apr,"03/2022
12/2025","4970
(4970)",4271.55,72
Chhattisgarh,Railways,485,"Chirimiri-Nagpur Halt New Railway Line Project
(South East Central Railway [SECR] - II)
(705756)",20-Jun,"06/2030
06/2030","241
(656.52)",71,0
Chhattisgarh,Railways,486,"Boridand - Ambikapur Doubling Line Project
(South East Central Railway [SECR] - II)
(706854)",22-Apr,"06/2030
06/2030","1376
(1576.23)",218,18
Chhattisgarh,Railways,487,"NIPANIA-BHATAPRA [14.4 KM] 4TH LINE [PB-72/NR/2022-23]
(SECR)
(709814)",24-May,"12/2026
12/2026","170
(184)",0,0
Chhattisgarh,Railways,488,"4TH LINE - BHATAPARA-HATHBAND [8.8 KM] [PB-72/NR/2022-23]
(SECR)
(709815)",24-May,"01/2027
12/2027","177.03
(177.03)",0,0
Chhattisgarh,Railways,489,"4TH LINE - BHILAI-BHILAI NAGAR [8.8 KM] [PB-72/NR/2022-23]
(SECR)
(709816)",24-May,"02/2027
02/2027","177.34
(177.34)",0.76,2
Chhattisgarh,Railways,490,"4TH LINE - DADHAPARA-BELHA [9.2 KM] [PB-72/NR/2022-23]
(SECR)
(709817)",24-May,"11/2026
11/2026","169.06
(169.06)",10.13,4
Chhattisgarh,Railways,491,"4TH LINE RAJNANDGAON-DONGARHGARH [31.2 KM] [PB-72/NR/2022-23]
(SECR)
(709818)",24-May,"01/2027
01/2027","328.34
(328.34)",48.02,25
Chhattisgarh,Railways,492,"3RD AND 4TH LINE - SARAGBUNDIA AND MADWARANI
(SECR)
(709819)",22-Sep,"12/2026
12/2026","177
(177)",0,0
Chhattisgarh,Stell,702,"Replacement of Hot Leveller No.1 of Plate Mill at Bhilai Steel Plant
(Steel Authority of India Limited [SAIL])
(617243)",24-Aug,"07/2026
(-)","198.62
(198.62)",10.53,8
Chhattisgarh,Stell,703,"Replacement of Converter Vessels, Trunnion Rings, Support System & Installation of
Secondary Emission at Bhilai Steel Plant
(Steel Authority of India Limited [SAIL])
(617255)",23-Dec,"06/2026
(-)","471.83
(471.83)",111.75,35
Chhattisgarh,Stell,704,"Rebuilding of Coke Oven Battery No.7 & 8 at Bhilai Steel Plant
(Steel Authority of India Limited [SAIL])
(617256)",24-Jan,"10/2025
(-)","884.1
(884.1)",453.2,75
Chhattisgarh,Stell,705,"NMDC Slurry Pipeline Project Phase-1
(National Mineral Development Corporation Limited [NMDC])
(706811)",20-Sep,"06/2023
12/2025","2907
(5427)",3012.02,84
Chhattisgarh,Stell,706,"SCREENING PLANT-III AT KIRANDUL
(National Mineral Development Corporation Limited [NMDC])
(709826)",21-Oct,"01/2026
(-)","2718.84
(2718.84)",1327.11,72
Chhattisgarh,Stell,707,"CONSTRUCTION OF RESIDENTIAL TOWERS AT BIOM KIRANDUL COMPLEX
(National Mineral Development Corporation Limited [NMDC])
(709827)",22-Oct,"12/2025
(-)","349.75
(349.75)",247.42,85
Chhattisgarh,Urban Development,252,"Affordable Housing Construction Project in Chhattisgarh
(PMAY, Ministry of Housing and Urban Affairs)
(702524)",15-Jun,"03/2024
(-)","3797.69
(3797.69)",2694,0
Chhattisgarh,Water Resources,753,"Kelo Irrigation Project
(Water Resources-CT)
(400111)",8-Apr,"12/2019
06/2025","459.97
(727.04)",616.93,71
Chhattisgarh,Water Resources,754,"Kudali Irrigation Project
(Department of Water Resources, River Development & GR)
(701399)",9-Dec,"12/2022
(-)","382.29
(382.29)",0,81.8
"Dadra & Nagar
Haveli and Daman
& Diu",Water Resources,280,"Storm water drainag Development Project
(Ministry of Housing & Urban Affairs)
(702355)",21-Dec,"03/2024
(-)","210
(210)",0,0
Delhi,Department of Higher Education,296,"Phase 1B - Construction of Academic Block, Hostel, Residential Tower, Directors
Residence and External Development works at National Institute of Technology, Delhi
Campus on Engineering, Procurement and Construction basis
(Ministry of Education)
(612851)",22-Nov,"09/2025
(-)","333.49
(333.49)",272.95,88
Delhi,Department of Higher Education,297,"Delhi University Eastern Campus at Surajmal Vihar
(Delhi University)
(616886)",25-Jan,"10/2026
(-)","373
(373)",18.03,15
Delhi,Health and Family Welfare,723,"Exhibition cum Convention Centre Dwarka [Phase I]
(India International Convention & Expo Centre)
(400429)",17-Dec,"10/2019
01/2025","5178
(5401)",4470,97.4
Delhi,Housing And Urban Affairs,247,"C/o 184 MS Flats for Hon'ble MPs at BKS Marg, New Delhi
(Central Public Works Department [CPWD])
(617282)",22-May,"05/2025
08/2025","646.53
(646.52)",518.46,98
Delhi,Railways,493,"Redevelopment of New Delhi Railway Station and construction of associated
infrastructure
(Ministry of Railways)
(613785)",24-Jun,"12/2028
(-)","4744
(4744)",31.77,0
Delhi,Railways,494,"North Region Video Surveillance Project
(RCIL)
(705298)",23-Apr,"03/2024
(-)","274.39
(274.39)",0,0
Delhi,Railways,495,"Provision of Work-site Tampers [WST] Railway Project
(EDTK[MC]/RB)
(705694)",16-Jan,"12/2023
01/2026","187.72
(187.72)",141.91,100
Delhi,Railways,496,"WST Machine Procurement Project
(EDTK[MC]/RB)
(705708)",18-Jun,"03/2024
12/2027","176
(176)",0,0
Delhi,Railways,497,"PCT Machine Procurement Project
(EDTK[MC]/RB)
(705710)",19-Apr,"04/2024
06/2027","336
(336)",74.32,81.25
Delhi,Railways,498,"RBMV Machine Procurement Project
(EDTK[MC]/RB)
(705712)",19-Oct,"06/2024
12/2027","480
(480)",0.33,3.75
Delhi,Railways,499,"SRGM Machine Procurement Project
(EDTK[MC]/RB)
(705717)",19-Oct,"12/2023
03/2026","440
(440)",390.03,75
Delhi,Railways,500,"WST Machine Procurement Project
(EDTK[MC]/RB)
(705720)",19-Dec,"04/2024
12/2026","384
(384)",0,0
Delhi,Railways,501,"DTS Machine Procurement Project
(EDTK[MC]/RB)
(705721)",19-Dec,"12/2024
12/2026","447.6
(447.6)",0,0
Delhi,Railways,502,"BRM Machine Procurement Project
(EDTK[MC]/RB)
(705722)",19-Sep,"06/2024
12/2027","210
(210)",0.02,0
Delhi,Railways,503,"Track Machine Procurement Project
(EDTK[MC]/RB)
(705726)",20-Apr,"03/2025
01/2028","6339
(6339)",4166.47,41
Delhi,Telecommunications,724,"SETTING UP OF PHYSICAL INFRASTRUCTURE FOR THE NATIONAL INSTITUTE
OF COMMUNICATION FINANCE [NICF] AT GHITORNI
(National Communication Academy - Finance (Erstwhile NICF))
(709859)",18-Apr,"02/2020
10/2025","248.2
(248.2)",236.91,98
Delhi,Urban Development,253,"Redevelopment of Seven General Pool Residential Accommodation [GPRA] Colonies
in Delhi
(National Buildings Construction Corporation [NBCC])
(400188)",18-May,"12/2022
12/2025","32850
(32850)",0,0
Delhi,Urban Development,260,"Delhi Metro Rail Phase-IV [2 Corridors]
(Delhi Metro Rail Corporation Limited [DMRC])
(617207)",24-Mar,"03/2029
(-)","8399.81
(8399.81)",5.57,0
Delhi,Urban Development,261,"DMRTS Phase - IV [3 Priority Corridors]
(Delhi Metro Rail Corporation Limited [DMRC])
(702632)",19-Jul,"03/2025
03/2026","24948.65
(24948.7)",15423.06,68
Goa,Civil Aviation,8,"Goa Airport Terminal Building Extension Project
(Airport Authority of India [AAI])
(701105)",19-Dec,"12/2021
09/2025","255.69
(255.69)",130,88
Gujarat,Civil Aviation,9,"Development of Dholera International Greenfield Airport , Gujarat
(Airport Authority of India [AAI])
(701126)",22-Jul,"06/2026
06/2026","1305
(1551)",666.42,63
Gujarat,Coal,45,"DIPKA OC
(SECL - CIL)
(612838)",17-Jan,"03/2025
(-)","7580
(7580)",3091,65
Gujarat,Department of Higher Education,298,"Construction of permanent campus of Central University of Gujarat at Village
kundhela, Dist. Vadodara, Gujarat.
(Gujarat)
(612916)",21-Feb,"03/2025
03/2026","490.63
(490.63)",301.44,76
Gujarat,Health and Family Welfare,443,"National Maritime Heritage Complex [NMHC] Phase-I
(Indian Port Rail & Ropeway Corporation Ltd. [IPRCL])
(707215)",22-Jan,"03/2024
09/2025","573
(1238.05)",487.35,66
Gujarat,Petroleum,360,"Redevelopment of Sobhasan Complex
(Oil and Natural Gas Corporation Limited [ONGC])
(400087)",21-Aug,"02/2026
02/2026","885.63
(1286.67)",765.43,73
Gujarat,Petroleum,361,"Redevelopment of Santhal Field [Onshore-Mehsana Asset]
(Oil and Natural Gas Corporation Limited [ONGC])
(400167)",17-Feb,"03/2026
03/2026","1162.56
(1162.56)",1156.9,94
Gujarat,Petroleum,362,"Redevelopment of Linch Field
(Oil and Natural Gas Corporation Limited [ONGC])
(400169)",21-Apr,"03/2025
10/2025","631.03
(860.04)",505.07,77
Gujarat,Petroleum,363,"Petrochemical and Lube Integration Project at Gujarat Refinery
(Ministry of Petroleum & Natural Gas)
(701329)",20-Sep,"08/2024
12/2025","18936
(17825)",12190.08,83
Gujarat,Petroleum,364,"Installation of new Biturox Unit along with allied facilities at Gujarat Refinery
(MinistryofPetroleumNaturalGas)
(709778)",22-Jan,"08/2025
09/2026","328.29
(287)",144.16,55
Gujarat,Petroleum,365,"Commercial Polymer Flooding Project in Bechraji field
(Oil and Natural Gas Corporation Limited [ONGC])
(709838)",22-Jan,"11/2024
11/2025","621.4
(621.4)",137.71,21
Gujarat,Petroleum,366,"Restoration of Gas Terminal, Phase-I [Part-A], Hazira
(Oil and Natural Gas Corporation Limited [ONGC])
(709840)",22-May,"02/2025
12/2025","249.43
(249.43)",209.42,93
Gujarat,Petroleum,367,"Old Pipe Line Replacement [OPRP] Group-A
(Oil and Natural Gas Corporation Limited [ONGC])
(709841)",21-Jul,"07/2025
03/2026","173.03
(169.84)",148,87
Gujarat,Petroleum,368,"Kalol Redevelopment Project, Ahmedabad Asset
(Oil and Natural Gas Corporation Limited [ONGC])
(709842)",22-Aug,"03/2027
03/2027","1487.41
(1487.41)",776.61,61
Gujarat,Petroleum,369,"Revamping of SV Stations, Gas Terminal & Kribhco Terminal
(Oil and Natural Gas Corporation Limited [ONGC])
(709845)",22-Nov,"08/2026
08/2026","837.34
(837.34)",205.78,49
Gujarat,Power,146,"50 MW Wind Power Project
(NLC India Limited [NLCIL])
(617299)",24-Feb,"06/2025
01/2026","383.84
(383.84)",303.5,41
Gujarat,Power,161,"Bagodara Solar Power Project
(Satluj Jal Vidyut Nigam [SJVN] Thermal Limited)
(709747)",21-May,"12/2025
12/2025","339.35
(339.35)",317.59,51
Gujarat,Power,190,"Transmission scheme for evacuation of 4.5GW RE injection at Khavda PS under
Phase II- Part B
(Power Grid Corporation of India Limited [POWERGRID])
(611656)",23-Mar,"03/2025
10/2025","1167.55
(1167)",1013.39,91
Gujarat,Power,191,"Transmission scheme for evacuation of 4.5GW RE injection at Khavda PS under
Phase II- Part C
(Power Grid Corporation of India Limited [POWERGRID])
(611657)",23-Mar,"03/2025
11/2025","2820.99
(2820.99)",2454.26,84
Gujarat,Power,192,"Establishment of Khavda Pooling Station-2 KPS2 in Khavda RE Park KPS2
TRANSMISSION SYSTEM LIMITED
(Power Grid Corporation of India Limited [POWERGRID])
(611660)",23-Mar,"12/2024
08/2025","966.79
(966.79)",894.76,95
Gujarat,Power,193,"Transmission system for Evacuation of Additional 7 GW RE power from Khavda RE
park under Phase-III Part B [Vataman Transmission Limited]
(Power Grid Corporation of India Limited [POWERGRID])
(612139)",23-Dec,"12/2025
06/2026","3751.82
(3751.82)",1500.72,21
Gujarat,Power,194,"Transmission System for Evacuation of Power from potential Renewable Energy zone
in Khavda Area of Gujarat under Phase IV [7 GW] Part E3
(Power Grid Corporation of India Limited [POWERGRID])
(612151)",23-Jul,"07/2025
10/2025","334
(334)",70.44,22
Gujarat,Power,195,"Transmission System for Evacuation of Power from Potential Energy Renewable Zone
in Khavda Area of Gujarat under Ph-IV [7GW] Part E2
(Power Grid Corporation of India Limited [POWERGRID])
(612855)",24-May,"05/2026
02/2026","679
(679)",81.48,18
Gujarat,Power,196,"Augmentation of Transformation Capacity at jam Khambhaliya PS [GIS] [SPV Name
POWERGRID Jam Khambhaliya Transmission Limited]
(Power Grid Corporation of India Limited [POWERGRID])
(615342)",24-Oct,"07/2026
(-)","329
(329)",9.97,1
Gujarat,Power,197,"Provision of Dynamic Reactive Compensation at Khavda pooling Station 1 [KPS1] and
Khavda Pooling station 3 [KPS3]
(Power Grid Corporation of India Limited [POWERGRID])
(615343)",24-Nov,"11/2026
(-)","501
(501)",5.01,1
Gujarat,Power,198,"Transmission System for Evacuation of Power from Potential Renewable Energy Zone
in Khavda area of Gujarat under Phase-IV [7GW] Part B [SPV Name POWERGRID
South Olpad Transmission Limited]
(Power Grid Corporation of India Limited [POWERGRID])
(615345)",24-Oct,"10/2026
(-)","4766
(4766)",513.29,5
Gujarat,Power,199,"Augmentation of Transformation Capacity at KPS1 [GIS] and KPS2 [GIS] [Phase-V
Part B1 and Part B2 Scheme] [SPV Name- POWERGRID KPS1 and 2 Augmentation
Transmission Limited]
(Power Grid Corporation of India Limited [POWERGRID])
(617069)",25-Feb,"02/2027
(-)","466
(466)",6.99,0
Gujarat,Power,200,"Augmentation of Banaskantha [Raghanesda] PS [GIS] [POWERGRID Banaskantha
Transco Limited]
(Power Grid Corporation of India Limited [POWERGRID])
(617182)",25-Mar,"03/2027
(-)","172
(172)",1.72,0
Gujarat,Railways,504,"Kosamba Umarpada 70 Km
(PCE/WR)
(611918)",22-Jul,"03/2027
(-)","468
(468)",20,0
Gujarat,Railways,505,"Adraj Moti Vijapur 40 Kms
(Western Railway [WR] - II)
(611937)",22-May,"05/2026
05/2026","417.53
(417.53)",223,86
Gujarat,Railways,506,"Vijapur Ambliyasan 42 km
(PCE/WR)
(611938)",22-May,"05/2026
05/2026","415.38
(415.38)",364,96
Gujarat,Railways,507,"Himatnagar Khedbrahma 55 km
(WR)
(611939)",17-Apr,"06/2001
06/2026","482.42
(482.42)",461,96
Gujarat,Railways,508,"New broad gauge line between Naliya Jakhau Port 25 Kms
(PCE/WR)
(611943)",23-Feb,"01/2028
01/2028","410.26
(410.26)",6,4
Gujarat,Railways,509,"Quadrupling between Gandhidham Adipur with Y connection at Adipur for providing
direct entry towards Mundra Port and Bhuj and high level platform at Gopalpur 11Kms
(PCE/WR)
(611944)",23-Feb,"03/2026
03/2026","152.44
(152.44)",20,68
Gujarat,Railways,510,"Petlad Bhadran 23 Kms
(PCE/WR)
(611945)",22-May,"05/2030
05/2030","307.11
(307.11)",82,8
Gujarat,Railways,511,"Choranda Motikoral 18 Kms
(PCE/WR)
(611969)",23-Aug,"10/2026
(-)","246
(246)",0,0
Gujarat,Railways,512,"Samlaya Timba Road 54 km
(PCE/WR)
(611970)",23-Feb,"03/2030
03/2030","670.17
(670.17)",102,12
Gujarat,Railways,513,"Samni Jambusar 24 km
(PCE/WR)
(611971)",22-May,"03/2030
03/2030","350
(349.93)",87,32
Gujarat,Railways,514,"Jambusar Kavi 26 Kms
(PCE/WR)
(611972)",23-Apr,"12/2026
(-)","318
(318)",0,0
Gujarat,Railways,515,"miyagam karjan Choranda maalsar 37 kms
(PCE/WR)
(611973)",23-Jun,"12/2026
(-)","450
(450)",0,0
Gujarat,Railways,516,"Western Railway Samakhiali Gandhidham Quadrupiling 53 Kms
(PCE/WR)
(611974)",23-Aug,"12/2026
(-)","1430
(1430)",0,0
Gujarat,Railways,517,"Dahod Creation of Infrastructure facilities for 9000 HP Electric locomotives
Manufacturing at
(PCE/WR)
(611977)",23-Feb,"02/2025
(-)","487
(487)",108.69,0
Gujarat,Railways,518,"Dahod Rolling Stock Workshop Provision of Infrastructure for CBS at
(PCE/WR)
(611978)",23-Mar,"03/2025
(-)","158
(158)",47.31,0
Gujarat,Railways,519,"Sabarmati Setting up of Maintenance Facilities for Train Sets Phase ii
(PCE/WR)
(611979)",23-Apr,"06/2025
(-)","250
(250)",0,0
Gujarat,Railways,520,"4th LINE BETWEEN BAREJADI NANDEJ-SANAND-AHMEDABAD BYPASS
(Western Railway)
(612072)",23-Feb,"03/2027
03/2027","961.67
(961.67)",132.63,16
Gujarat,Railways,521,"Redevelopment of Ahmedabad railway station and associated infrastructure on
engineering, procurement and construction mode
(Ministry of Railways)
(613786)",23-Nov,"03/2028
(-)","2379
(2379)",607.69,15
Gujarat,Railways,522,"Miyagam-Karjan-Dabhoi-Samlaya [GC]
(Western Railway [WR] - II)
(705458)",17-Jan,"03/2021
12/2026","844
(1600)",693,68
Gujarat,Railways,523,"Modasa-Shamlaji Road Railway Line Project
(SECR)
(706757)",8-Apr,"03/2025
03/2027","262
(262)",203,58
Gujarat,Railways,524,"Rajkot - Kanalus Doubling Project [111.2 Kms]
(Western Railway [WR] - II)
(706763)",21-Dec,"10/2026
10/2026","1080.58
(1080.58)",731,72
Gujarat,Railways,525,"NADIAD-PETLAD [37.26 KM]
(WR)
(709812)",,"06/2030
06/2030","461.91
(461.91)",75,7
Gujarat,Railways,526,"NEW BG LINE INTERSECTION [5 NOS] BETWEEN GERATPUR-SANAND &
BOTAD-AHMEDABAD [16.51 KM] [PB#29/NR/202
(SECR)
(709813)",,"10/2027
10/2027","437.21
(437.21)",43,15
Gujarat,Road Transport and Highways,436,"Development of Container Terminal at Tuna-Tekra, Deendayal Port on BOT Basis
Under PPP Mode
(Deendayal Port Trust [DPT])
(609424)",23-Dec,"12/2026
(-)","4243.64
(4243.64)",346.2,10
Gujarat,Urban Development,254,"Rehablitation in Junavadaj Area Smart City Project
(Ministry of Housing & Urban Affairs)
(701719)",16-Jun,"07/2022
(-)","539
(539)",39.63,50
Gujarat,Urban Development,255,"In-Situ Slum Redevelopment Project in Gujarat
(PMAY, Ministry of Housing and Urban Affairs)
(702540)",15-Jun,"03/2024
(-)","5477.4
(5477.4)",3035.81,0
Gujarat,Urban Development,262,"Surat Metro Rail Project
(Gujarat Metro Rail Corporation Limited [GMRCL])
(702630)",19-Apr,"03/2024
06/2026","12020.32
(12020.3)",7386.41,68
Gujarat,Urban Development,263,"Ahmedabad Metro Rail Project, Phase-II
(Gujarat Metro Rail Corporation Limited [GMRCL])
(702631)",19-Mar,"03/2024
12/2025","5384.17
(5384.17)",4151.57,87
Gujarat,Urban Development,264,"Ahmedabad Metro Rail Project [Phase-I]
(Gujarat Metro Rail Corporation Limited [GMRCL])
(702639)",18-Mar,"03/2018
08/2025","10773
(12924.5)",11857.91,99.34
Gujarat,Water Resources,281,"Upgradation of Sewerage system in Gandhinagar City
(Smart City Mission)
(707267)",21-Mar,"06/2023
(-)","200
(200)",100,10
Gujarat,Water Resources,755,"Sardar Sarovar CADWM Project
(Narmada and Water Resources, Water Supply and Kalpsar Department-GJ)
(400097)",4-Apr,"12/2019
03/2025","5021.76
(6670.31)",4954.99,90.3
Gujarat,Water Resources,756,"Sardar Sarovar Project
(Narmada and Water Resources, Water Supply and Kalpsar Department-GJ)
(701372)",Apr-96,"12/2019
03/2025","20718.17
(33412.5)",31767.59,93
Haryana,Health and Family Welfare,432,"AIIMS Majra Rewari Haryana
(Ministry of Health & Family Welfare)
(701173)",19-Feb,"02/2023
12/2026","1299
(1299)",349.41,28
Haryana,Petroleum,370,"Indian Oil Technology Development and Deployment Centre at R&D Campus-II,
Faridabad
(Ministry of Petroleum & Natural Gas)
(604853)",19-Jun,"12/2022
03/2026","2281.94
(3200)",1800.61,63
Haryana,Petroleum,371,"Poly Butadiene Rubber plant at Panipat
(Indian Oil Corporation Limited [IOCL])
(611917)",22-Mar,"03/2025
06/2026","1459
(2531.44)",1043.9,70
Haryana,Petroleum,372,"Capacity Expansion of Panipat Refinery from 15 to 25 MMTPA
(Ministry of Petroleum & Natural Gas)
(701289)",21-Feb,"09/2024
12/2025","34627
(36225)",23977.47,88
Haryana,Petroleum,373,"Installation of Multiple Effect Evaporator [MEE] for ETP-1, 2 & 4 of Panipat Refinery
and Petrochemical Complex.
(MinistryofPetroleumNaturalGas)
(709783)",20-Dec,"06/2023
06/2026","165.13
(247.69)",129.27,70
Haryana,Power,201,"Implementation of LILO of both circuits of 400KV vindhyachal PS-Sasan D/C Line at
Hindalco Switchyard
(Power Grid Corporation of India Limited [POWERGRID])
(617272)",24-Jun,"12/2026
(-)","370
(370)",1,1
Haryana,Railways,527,"Bhiwani - Dobh Bahali Doubling Project [42.30 Km]
(North Western Railway [NWR])
(611884)",23-Feb,"02/2028
02/2028","471
(471)",187.33,57
Himachal Pradesh,Department of Higher Education,299,"Establishment of Permanent campus Phase 1 of IIM Sirmaur
(Indian Institute of Management, Sirmaur)
(602099)",20-Aug,"10/2023
02/2026","392.51
(454.78)",320.75,92
Himachal Pradesh,Department of Higher Education,300,"Hostel blocks & dining hall block
(Indian Institute of Technology, Mandi)
(612128)",24-Mar,"03/2026
03/2026","166.66
(166.66)",72.09,58
Himachal Pradesh,Department of Higher Education,301,"Construction of Permanent Campus of Central University of Himachal Pradesh at
Dehra, District - Kangra, [H.P.] on Engineering. Procurement and Construction [EPC
Mode 1] Basis.
(Central University, Himachal Pradesh)
(612894)",22-Aug,"11/2024
11/2025","251.98
(300.45)",183.36,78
Himachal Pradesh,Power,162,"Dhaulasidh Hydro Electric Project [66 MW]
(Satluj Jal Vidyut Nigam [SJVN] Thermal Limited)
(602582)",21-May,"11/2025
03/2027","687.97
(1511.87)",908.65,67
Himachal Pradesh,Power,163,"Luhri Stage-I Hydro Electric Project [210 MW]
(Satluj Jal Vidyut Nigam [SJVN] Thermal Limited)
(602593)",20-Nov,"01/2026
08/2029","1810.56
(3584.53)",1742.92,51
Himachal Pradesh,Power,164,"382 MW Sunni Dam HEP
(Satluj Jal Vidyut Nigam [SJVN] Thermal Limited)
(602633)",18-Apr,"03/2027
(-)","2615
(2615)",495.57,0.5
Himachal Pradesh,Power,165,"Sunni Dam Hydro Electric Project [382 MW]
(Satluj Jal Vidyut Nigam [SJVN] Thermal Limited)
(611586)",23-Jan,"04/2028
12/2028","2614.51
(4540.71)",956.76,29
"Jammu and
Kashmir",Civil Aviation,10,"Construction of NTB complex including apron, taxi track and other associated civil
works and electrical & mechanical installations towards Tawi River side at CA Jammu.
(Airport Authority of India [AAI])
(611047)",23-Jul,"06/2026
06/2026","861.37
(861.37)",154.3,30
"Jammu and
Kashmir",Department of Higher Education,302,"Construction of Permanent Campus for IIM Jammu Phase-1 at Jagti, Nagrota,
Jammu, J&K
(Indian Institute of Management, Jammu)
(602098)",20-Oct,"06/2023
08/2025","424.93
(500.91)",484.52,96
"Jammu and
Kashmir",Health and Family Welfare,433,"AIIMS Kashmir at Awantipora Jammu & Kashmir
(Central Public Works Department [CPWD])
(701167)",19-Jan,"01/2025
12/2025","1828
(1828)",1504.91,65
"Jammu and
Kashmir",Petroleum,325,"Setting up a common user Petroleum Terminal at Jammu, J&K for resitement of
existing PSU OMC's Depots from Jammu City
(Bharat Petroleum Corporation Limited [BPCL])
(400235)",23-Apr,"03/2025
09/2025","676.89
(676.89)",518.22,77
"Jammu and
Kashmir",Petroleum,374,"City Gas Distribution Project at Jammu, Udhampur, Reasi, Samba and Kathua
Districts
(MinistryofPetroleumNaturalGas)
(709773)",22-Mar,"03/2032
03/2032","538
(538)",4.09,0
"Jammu and
Kashmir",Power,166,"Pakal Dul [Drangdhuran] Hydroelectric Project, 1000 MW
(National Highways & Infrastructure Development Corporation Ltd. [NHIDCL])
(602525)",18-Feb,"04/2020
09/2026","8112.12
(8112.12)",6916.1,71
"Jammu and
Kashmir",Power,167,"Kiru HE Project
(National Highways & Infrastructure Development Corporation Ltd. [NHIDCL])
(602532)",19-Mar,"09/2023
03/2026","4287.59
(4287.59)",3055.87,66
"Jammu and
Kashmir",Power,168,"Ratle HE Project - 850 MW, Ratle Hydroelectric Power Corporation Limited.
(National Highways & Infrastructure Development Corporation Ltd. [NHIDCL])
(602535)",21-Feb,"02/2026
08/2029","5281.94
(5281.94)",1009.79,24
"Jammu and
Kashmir",Power,169,"Kwar HE Project
(National Highways & Infrastructure Development Corporation Ltd. [NHIDCL])
(605155)",22-May,"11/2026
(-)","4526.12
(4526.12)",1078.61,23
"Jammu and
Kashmir",Power,202,"Transmission system for evacuation of Power from Pakaldul HEP in Chenab Valley
HEPs - LTA System
(Power Grid Corporation of India Limited [POWERGRID])
(608302)",22-Feb,"04/2025
08/2025","318.12
(318.12)",286.31,99
"Jammu and
Kashmir",Power,203,"Transmission Scheme for evacuation of Power from Ratle HEP [850 MW] & kiru [624
MW] Part B
(Power Grid Corporation of India Limited [POWERGRID])
(617179)",24-Jul,"07/2026
(-)","218.6
(218.6)",0,0
Jharkhand,Coal,46,"HURA C OCP
(ECL - CIL)
(400018)",22-Aug,"03/2029
(-)","859.41
(859.41)",450.47,62
Jharkhand,Coal,47,"KONAR EXPANSION OCP
(Ministry of Coal)
(400073)",22-Jan,"03/2032
(-)","799.34
(799.34)",426.16,46
Jharkhand,Coal,48,"KARO EXPANSION OCP
(Ministry of Coal)
(400074)",22-Jan,"03/2029
(-)","908.47
(908.47)",251.79,22
Jharkhand,Coal,49,"SANGHMITRA OC
(Ministry of Coal)
(400136)",27-Mar,"03/2032
(-)","2660
(2660)",0,0
Jharkhand,Coal,50,"CHANDRAGUPT OCP
(Ministry of Coal)
(400138)",20-Aug,"03/2032
(-)","973.5
(973.5)",440.32,15
Jharkhand,Coal,51,"KOTRE BASANTPUR PACHMO OCP
(Ministry of Coal)
(400139)",20-Aug,"03/2032
(-)","861.06
(625.4)",441.05,41
Jharkhand,Coal,52,"Pachwara South Coal Block
(NLC India Limited [NLCIL])
(400142)",19-Dec,"09/2028
(-)","2242.9
(2242.9)",1165.64,54
Jharkhand,Coal,53,"RPR MAGADH EXP OCP
(Ministry of Coal)
(400150)",20-Aug,"03/2028
(-)","7254.37
(7254.37)",1534.64,38
Jharkhand,Coal,54,"NORTH URIMARI EXPANSION OCP
(Ministry of Coal)
(400151)",21-Jul,"03/2029
(-)","778.8
(778.8)",695.11,67
Jharkhand,Coal,55,"EPR ROHINI - KARKETTA OCP
(Ministry of Coal)
(400153)",21-Jan,"03/2028
(-)","1020.42
(1020.42)",83.95,20
Jharkhand,Coal,56,"EPR PUNDI OCP
(Ministry of Coal)
(400154)",20-Nov,"03/2027
(-)","713.35
(713.35)",236.57,10
Jharkhand,Coal,57,"EPR ASHOK OC
(Ministry of Coal)
(400155)",21-May,"03/2028
(-)","2898.28
(2898.28)",176.6,21
Jharkhand,Coal,58,"EPR AMRAPALI OCP
(Ministry of Coal)
(400156)",20-Feb,"03/2028
(-)","5136.15
(5136.15)",1125.18,43
Jharkhand,Coal,59,"RAJRAPPA RCE OCP
(Ministry of Coal)
(400160)",9-Dec,"03/2016
03/2027","510.85
(510.85)",488.57,76
Jharkhand,Coal,60,"CHITRA EAST OC
(Eastern Coal Fields Limited [ECL])
(400172)",18-Aug,"03/2026
(-)","513.99
(513.99)",228.71,51
Jharkhand,Coal,61,"JHARKHAND-LAIYO OCP
(Ministry of Coal)
(400352)",20-Aug,"03/2031
(-)","764.57
(764.57)",145.81,25
Jharkhand,Coal,62,"MOONIDIH XV SEAM UG
(BCCL - CIL)
(400425)",11-Aug,"03/2019
05/2026","1230.27
(1230.27)",624.17,81
Jharkhand,Coal,63,"2.5 MTPA PATHERDIH NLW WASHERY
(Ministry of Coal)
(611017)",16-Apr,"04/2018
03/2026","334.27
(334.27)",138.69,48
Jharkhand,Coal,64,"AMALAGAMATED NTST KUJAMA OCP 8.5MTY
(Ministry of Coal)
(611864)",23-Jan,"03/2030
(-)","4011.85
(4011.85)",398.5,28
Jharkhand,Coal,65,"MURAIDIH UG PROJECT
(Ministry of Coal)
(613808)",11-Feb,"04/2014
12/2026","339.87
(339.87)",190.65,70
Jharkhand,Coal,66,"TAPIN SOUTH EXPN
(Ministry of Coal)
(615349)",20-Nov,"03/2028
(-)","230.41
(230.41)",21,20
Jharkhand,Coal,67,"SIRKA OC
(Ministry of Coal)
(615822)",20-May,"03/2028
(-)","222.82
(222.82)",139.31,60
Jharkhand,Coal,68,"TETARIAKHAR OC
(Ministry of Coal)
(615843)",19-Nov,"03/2025
03/2027","243.52
(243.52)",44.64,28
Jharkhand,Coal,69,"CHUPERBHITA SIMLONG OCP MDO 6 MTY
(Eastern Coal Fields Limited [ECL])
(616225)",23-Dec,"03/2037
(-)","979.08
(979.08)",0,0
Jharkhand,Coal,70,"JARANGDIH EXPN. OCP 1.5 MTY
(CCL - CIL)
(616236)",20-Feb,"03/2029
(-)","414.37
(414.37)",85.6,26
Jharkhand,Coal,71,"BLOCK E OCP
(Ministry of Coal)
(616253)",24-Mar,"03/2029
(-)","5850.83
(5850.83)",0,2
Jharkhand,Coal,153,"Tubed Coal Mine
(Damodar Valley Corporation)
(400192)",16-Oct,"05/2026
05/2026","1581
(1581)",599.18,34
Jharkhand,Coal,154,"Badam Coal Mining project of NTPC
(National Thermal Power Corporation [NTPC])
(603293)",19-Sep,"12/2056
04/2027","502
(784)",302.2,59
Jharkhand,Mines,283,"Rakha Underground Mining Project
(Hindustan Copper Limited [HCL])
(611798)",24-Mar,"03/2033
(-)","2705
(2705)",0,0
Jharkhand,Mines,284,"Surda Underground Copper Mining Project
(Hindustan Copper Limited [HCL])
(611800)",24-Mar,"03/2028
(-)","665.02
(665.02)",13.33,1
Jharkhand,Petroleum,375,"Development of Jharia CBM Block [Phase-1]
(Oil and Natural Gas Corporation Limited [ONGC])
(610984)",19-Nov,"01/2024
08/2025","431
(431)",211.34,58
Jharkhand,Petroleum,376,"Laying of Natural Gas Pipeline from Hazaribagh to Ranchi [HRPL]
(MinistryofPetroleumNaturalGas)
(709785)",23-Feb,"02/2026
02/2026","202.07
(202.07)",55.46,45
Jharkhand,Power,170,"Patratu Thermal Power Station Expansion Project Phase-I [3x800 MW]
(National Thermal Power Corporation [NTPC])
(400261)",17-Nov,"03/2023
11/2026","17112
(20302)",17365,81
Jharkhand,Power,171,"Koderma Thermal Power Station Phase II [2X800 MW] At Koderma, Jharkhand
(Damodar Valley Corporation)
(611509)",24-Nov,"03/2029
(-)","14358
(14358)",1116.7,1
Jharkhand,Railways,152,"Shivpur-Kathautia New Rail [BG] Line [49 km] [Package II of Tori-Shivpur-Kathautia
line]
(Ministry of Coal)
(400416)",22-May,"06/2025
(-)","1799.64
(1799.64)",1293.71,60
Jharkhand,Railways,528,"Gomoh - Flyover for DN trains
(East Central Railway [ECR] - II)
(705765)",18-Jan,"03/2026
03/2026","686
(686)",536.04,59
Jharkhand,Railways,529,"Lodhma - Piska - Link Line bypassing Hatia/Ranchi with Y connection
(South Eastern Railway [SER] - I)
(705785)",19-Mar,"06/2026
05/2027","473
(473)",284.26,4
Jharkhand,Stell,708,"New Sinter Plant at BSL, SAIL
(Steel Authority of India Limited [SAIL])
(400174)",15-May,"10/2017
06/2027","1034.01
(1752.3)",883.23,51
Jharkhand,Stell,709,"Replacement of existing Grinders in CRM-I & II at Bokaro Steel Plant
(Steel Authority of India Limited [SAIL])
(617249)",25-Feb,"01/2027
(-)","211.94
(211.94)",7.52,6
Jharkhand,Stell,710,"Secondary Emission Control in Converters of SMS-II at Bokaro Steel Plant
(Steel Authority of India Limited [SAIL])
(617250)",25-Feb,"10/2026
(-)","207.13
(207.13)",7.91,6
Jharkhand,Stell,711,"Revamping of old sub-systems of Blast Furnace 3 at Bokaro Steel Plant
(Steel Authority of India Limited [SAIL])
(617253)",23-Oct,"07/2025
11/2025","513.82
(513.82)",220.42,69
Jharkhand,Stell,712,"Replacement of remaining 04 sets of Battery Cyclones with 04 Nos. of ESPs in Sinter
Plant-1 at Bokaro Steel Plant
(Steel Authority of India Limited [SAIL])
(617254)",24-Apr,"06/2026
(-)","260.37
(260.37)",44.22,22
Jharkhand,Stell,713,"Rebuilding of Coke Oven Battery No.6 at Bokaro Steel Plant
(Steel Authority of India Limited [SAIL])
(617257)",23-Dec,"11/2026
(-)","627.31
(627.31)",88.21,37
Jharkhand,Urban Development,256,"In-Situ Slum Redevelopment Project in Jharkhand
(PMAY, Ministry of Housing and Urban Affairs)
(702555)",15-Jun,"03/2024
(-)","212.74
(212.74)",41,0
Jharkhand,Water Resources,757,"Subernarekha Multipurpose Project, Jharkhand
(Department of Water Resources-JH)
(701376)",12-Jan,"12/2019
04/2025","3807.77
(9579.58)",5550.74,69
Karnataka,Civil Aviation,11,"Construction of New Domestic Terminal Building and Miscellaneous works at Hubli
Airport
(Airport Authority of India [AAI])
(612787)",24-Jan,"01/2026
03/2026","320.47
(320.47)",56.54,36
Karnataka,Civil Aviation,12,"Construction of New Domestic Terminal Building and Miscellaneous Works at
Belagavi Airport.
(Airport Authority of India [AAI])
(612788)",24-Feb,"01/2026
01/2026","322.45
(322.45)",115.82,48
Karnataka,Department of Higher Education,303,"Additional Infrastructure at IISc Bangalore-RCC Monolithic for Men Hostel S14,
Women Hostel S11 , Postdoctoral Hostel S12 2 Block , International Hostel S 12 ,
D&E Block S 12 2 Block FR.
(IISC Bangalore)
(610940)",21-Aug,"03/2024
09/2025","420.41
(420.41)",360.72,99
Karnataka,Petroleum,326,"Construction of 80,000 MT LPG Cavern at Mangalore
(Ministry of Petroleum & Natural Gas)
(701269)",18-Dec,"12/2022
08/2025","854
(854)",712.3,99
Karnataka,Petroleum,377,"Power System Upgradation Project
(Mangalore Refinary and Petrochemicals Limited)
(612790)",23-Oct,"11/2025
11/2025","385
(385)",132.73,63
Karnataka,Petroleum,378,"Demo Bio-ATF Project
(Ministry of Petroleum & Natural Gas)
(616879)",24-Mar,"01/2027
01/2027","364
(364)",22.82,10
Karnataka,Petroleum,379,"Revamping/ Augmentation of facilities at existing port terminal at Mangalore
(Ministry of Petroleum & Natural Gas)
(709774)",22-Jan,"12/2025
12/2025","463
(500.62)",264.44,82
Karnataka,Power,204,"Transmission Scheme for Integration of Renewable Energy Zone [Phase II] in Koppal
II [Phase A&B] and gadag II[Phase A] in Karnataka [POWERGRID KOPPAL GADAG
TRANSMISSION LIMITED]
(Power Grid Corporation of India Limited [POWERGRID])
(612140)",23-Dec,"12/2025
(-)","2889.39
(2889.39)",1154.31,37
Karnataka,Power,205,"System Strengthening at Koppal-II and GadagII for integration of RE generation
projects [SPV Name POWERGRID Koppal Gadag Augmentation Transmission
Limited]
(Power Grid Corporation of India Limited [POWERGRID])
(616672)",25-Jan,"06/2027
(-)","1354
(1354)",16.65,0
Karnataka,Power,206,"Augmentation of Transformation Capacity by 3x500 MVA, 400/220 KV ICTS [6th-8th]
and 1x1500 MVA, 765/400 KV ICT [4th] at Bidar PS [SPV Name- POWERGRID Bidar
Augmentation Transmission Limited]
(Power Grid Corporation of India Limited [POWERGRID])
(617068)",25-Feb,"06/2027
(-)","288
(288)",5.76,0
Karnataka,Power,207,"Transmission Scheme for integration of Davanagere/ Chitradurga and Bellary REZ in
Karnataka [POWERGRID Chitradurga Bellary REZ Transmission Limited]
(Power Grid Corporation of India Limited [POWERGRID])
(617184)",25-Mar,"09/2027
(-)","3453
(3453)",20.7,0
Karnataka,Railways,530,"Construction of New BG line between Hassan to Belur [27 Km]
(South Western Railway [SWR] - II)
(400023)",25-Dec,"04/2028
04/2027","749
(749)",0,0
Karnataka,Railways,531,"Yeshvanthpur - Channasandra Doubling Project [21.70 Km]
(Karnataka Rail Infrastructure Development Company Limited [K-RIDE])
(703585)",19-Oct,"12/2024
06/2026","314
(314)",144,59
Karnataka,Railways,532,"New Railway Line between Ginigera and Raichur [165.57 km]
(South Western Railway [SWR] - II)
(705434)",9-May,"03/2019
03/2027","2565
(3034.98)",2063.57,66
Karnataka,Railways,533,"Gadag-Wadi New Railway Line [257 km]
(South Western Railway [SWR] - II)
(705490)",17-Aug,"03/2027
12/2027","2842
(6700)",1721.14,30
Karnataka,Railways,534,"Kadur - Chickamagalur - Sakleshpur [93km]
(South Western Railway [SWR] - II)
(705492)",16-Nov,"06/2025
12/2025","825
(825)",770.18,83
Karnataka,Railways,535,"Bagalkot-Kudachi New Railway Line [142 km]
(South Western Railway [SWR] - II)
(705495)",12-Nov,"03/2027
01/2027","1378
(1649)",670.74,35
Karnataka,Railways,536,"Tumkur-Chitradurga-Davangere New Rail Line Project [191 km]
(South Western Railway [SWR] - II)
(705496)",17-Jan,"03/2019
12/2027","1876
(1876)",516.17,13
Karnataka,Railways,537,"SHIMOGA - SHIKARIPURA - RANEBENNUR [96 Km]
(South Western Railway [SWR] - II)
(705761)",23-Feb,"12/2027
06/2028","1454
(1454)",69.58,11
Karnataka,Railways,538,"Belgaum-Dharwad via Kittur [73.10Km]
(South Western Railway [SWR] - II)
(706835)",25-Mar,"12/2027
03/2029","1591
(1591)",0.75,0
Karnataka,Stell,714,"Construction of Screening Plant-II for Donimalai and Kumaraswamy Iron Ore Mining
Complex of NMDC Limited at Ballari Dt, Karnataka.
(National Mineral Development Corporation Limited [NMDC])
(400121)",24-Jun,"08/2026
(-)","1043.63
(1043.63)",214.48,25
Karnataka,Urban Development,265,"Construction of Bangalore Metro Rail Project Phase 2.
(Bengaluru Metro Rail)
(702635)",16-Feb,"03/2021
09/2026","26405.14
(30695.1)",29477.97,94
Karnataka,Urban Development,266,"Construction Bangalore Metro Rail Project Phase-2A & 2B
(Bengaluru Metro Rail)
(702665)",19-Jan,"06/2026
06/2026","14788.1
(14788.1)",8424.54,53
Karnataka,Urban Development,699,"Bangalore-Whitefield-Bangalore City-Krishnarajapuram [23.08 km] - Quadrupling
(South Western Railway [SWR] - II)
(705663)",22-Jun,"02/2026
02/2026","493
(493)",252.45,82
Karnataka,Urban Development,722,"Tumakuru Node - Phase 1 - Roads and Services Development
(National Highways & Infrastructure Development Corporation Ltd. [NHIDCL])
(701657)",23-Feb,"09/2026
(-)","1701.81
(1701.81)",95,8
Karnataka,Water Resources,758,"Upper Tunga Irrigation Project
(Water Resources-KA)
(701377)",14-Apr,"12/2019
03/2025","770.16
(1606.07)",1511.22,99
Kerala,Civil Aviation,13,"Development of additional RESA on either end on Runway 10-28 at Calicut Airport.
Construction of embankment with slope protection, drainage system and associated
works for additional RESA on either end on Runway 10-28
(Airport Authority of India [AAI])
(612789)",24-Feb,"09/2025
03/2026","484.57
(484.57)",74.67,19
Kerala,Department of Higher Education,304,"CONSTRUCTION OF PERMANENT CAMPUS FOR IIT PALAKKAD UNDER PHASE
1A
(INDIAN INSTITUTE OF TECHNOLOGY PALAKKAD)
(606431)",20-Mar,"06/2022
11/2026","1006.45
(1217.4)",615.95,66
Kerala,Petroleum,380,"Replacement and Extension of Jetty Pipelines [REJP] at KR
(Bharat Petroleum Corporation Limited [BPCL])
(709790)",23-Mar,"03/2026
03/2026","621.87
(621.87)",192.66,83
Kerala,Petroleum,381,"Setting up Polypropylene Unit at Kochi Refinery
(MinistryofPetroleumNaturalGas)
(709799)",23-Dec,"10/2027
10/2027","4460
(4460)",255.64,12
Kerala,Railways,539,"Kumbalam-Turavur doubling project [15.59 Km]
(Southern Railway [SR] - II)
(705638)",23-Apr,"03/2027
03/2027","813
(813)",292.15,15
Kerala,Railways,540,"Ernakulam-Kumbalam doubling project [7.71 Km]
(SR-ERS)
(705639)",23-Apr,"03/2028
03/2028","601
(601)",283,17
Kerala,Urban Development,267,"Kochi Metro Rail Phase 2 Development Project
(CSPCC Projects)
(702664)",22-Nov,"11/2026
11/2026","1957.05
(1957.05)",306.45,10
Ladakh,Civil Aviation,14,"Construction of Terminal Building & Associated works at Leh Airport, Ladakh
(Airport Authority of India [AAI])
(400010)",18-Sep,"09/2021
10/2025","480
(640)",427.04,67
Madhya Pradesh,Coal,72,"AMADAND OCP[4.0MTY]
(Ministry of Coal)
(400148)",16-Mar,"03/2021
03/2027","869.44
(869.44)",274.45,75
Madhya Pradesh,Coal,73,"RAMPUR BATURA OCP [4.0MTY]
(South Eastern Coalfields Limited [SECL])
(400152)",19-Jul,"03/2026
(-)","1248.93
(1248.93)",495.4,44
Madhya Pradesh,Coal,74,"BLOCK B EXPANSION [3.5 TO 8.0 MTPA] OPENCAST COAL MINING PROJECT
(Northern Coalfields Limited [NCL])
(400162)",19-Jul,"03/2023
03/2027","998.71
(998.71)",458.01,46
Madhya Pradesh,Coal,75,"NIGAHI EXPANSION [15 TO 25 MTPA] OPENCAST MINING PROJECT
(Northern Coalfields Limited [NCL])
(400321)",20-Nov,"03/2025
03/2028","1729.68
(1729.68)",772.91,44
Madhya Pradesh,Coal,76,"KANCHAN OC EXP
(South Eastern Coalfields Limited [SECL])
(613802)",14-Dec,"03/2026
(-)","371.04
(371.04)",144.61,47
Madhya Pradesh,Coal,77,"JHIRIA WEST OCP [1.5 MTY]
(South Eastern Coalfields Limited [SECL])
(613803)",24-Jan,"03/2026
(-)","366.94
(366.94)",25.07,41
Madhya Pradesh,Coal,78,"RPR TAWA-III UG 0.84 MTY
(WCL - CIL)
(613804)",21-Dec,"03/2027
(-)","314.09
(314.09)",5.7,17
Madhya Pradesh,Coal,79,"AMALGAMATED DHANKASA & JAMUNIA UG
(Western Coalfields Limited [WCL])
(615185)",22-Sep,"03/2027
(-)","399.2
(399.2)",72.21,67
Madhya Pradesh,Coal,80,"RPR OF VISHNUPURI UG TO OC
(Western Coalfields Limited [WCL])
(615187)",22-Nov,"03/2029
(-)","220.62
(220.62)",0,11
Madhya Pradesh,Coal,81,"URDHAN EXPANSION OC COST PLUS
(Western Coalfields Limited [WCL])
(615194)",23-Jan,"03/2031
(-)","206.88
(206.88)",23.22,1
Madhya Pradesh,Coal,82,"SHARDA UG MINE
(Western Coalfields Limited [WCL])
(615195)",23-Sep,"03/2028
(-)","166.25
(166.25)",2.78,9
Madhya Pradesh,Coal,83,"GANDHIGRAM UG MINE
(Western Coalfields Limited [WCL])
(615206)",19-Aug,"03/2026
(-)","414.15
(414.15)",13.27,57
Madhya Pradesh,Department of Higher Education,305,"Phase III A works at IIT Indore [03 Hostels, 01 Studio Apartment, 01 Housing, Heavy
& Sophisticated lab complex, Academic POD and Infrastructure for center of
excellence]
(Indian Institute of Technology, Indore)
(611957)",23-Nov,"12/2026
(-)","496.28
(496.28)",138.6,30
Madhya Pradesh,Mines,285,"Expansion of Malanjkhand Copper Project
(Hindustan Copper Limited [HCL])
(400426)",15-Apr,"04/2020
04/2026","1856.36
(1856.36)",924.98,79
Madhya Pradesh,Petroleum,382,"Ethylene Cracker Project at Bina Refinery including downstream Petrochemical Plants
and expansion of Refinery
(MinistryofPetroleumNaturalGas)
(709798)",23-May,"05/2028
05/2028","43367
(43367)",1788.6,13
Madhya Pradesh,Power,172,"OMKARESHWAR FLOATING SOLAR POWER PROJECT [90 MW]
(Satluj Jal Vidyut Nigam [SJVN] Thermal Limited)
(709820)",22-Nov,"08/2024
(-)","646.17
(646.17)",0,0
Madhya Pradesh,Power,208,"Transmission System for Evacuation of Power from Rajasthan REZ Ph-IV [Part-2
5.5GW] [Jaisalmer/Barmer Complex] Part H1 [POWERGRID KURAWAR
TRANSMISSION LIMITED]
(Power Grid Corporation of India Limited [POWERGRID])
(615344)",24-Oct,"10/2026
(-)","3674
(3674)",408.18,13
Madhya Pradesh,Power,209,"Transmission System for Evacuation of Power from Rajasthan REZ Ph-IV [Part-2 5.5
GW] [Jaisalmer/Barmer Complex] Part C [SPV Name POWERGRID Mandsaur
Transmission Limited]
(Power Grid Corporation of India Limited [POWERGRID])
(615346)",24-Aug,"08/2026
(-)","2708
(2708)",649.92,26
Madhya Pradesh,Power,210,"Transmission System for evacuation of power from Mahan Energen Limited
Generating Station in Madhya Pradesh [SPV Name - POWERGRID MEL Power
Transmission Limited]
(Power Grid Corporation of India Limited [POWERGRID])
(617279)",25-Jun,"12/2027
(-)","558
(558)",5.58,0
Madhya Pradesh,Railways,541,"Lalitpur-Satna, Rewa-Singrauli & Mahoba-Khajuraho
(North Central Railway)
(705480)",Mar-98,"03/2027
12/2027","8914
(8914)",4971.65,70
Madhya Pradesh,Railways,542,"Katni - Bina Third Railway Line [279 km]
(West Central Railway WCR I)
(705651)",17-Jan,"03/2022
12/2025","2478.23
(4127.23)",3295.49,90
Madhya Pradesh,Railways,543,"Satna-Rewa Railway Line Doubling Project
(West Central Railway [WCR] - II)
(705659)",17-Aug,"03/2026
03/2026","500
(584)",561.26,80
Madhya Pradesh,Railways,544,"Doubling of Katni - Singrauli Railway Line [261 km]
(Indian Railway Construction International Limited [IRCON])
(705660)",17-Mar,"12/2026
12/2027","2445
(4377)",3122,100
Madhya Pradesh,Railways,545,"Katni Grade Separator/Bye Pass
(Indian Railway Construction International Limited [IRCON])
(705661)",17-Sep,"09/2024
03/2026","1248
(1248)",1537.77,92
Madhya Pradesh,Railways,546,"Indore - Budni New Railway Line [198 kms]
(RVNL - II)
(705763)",20-Oct,"09/2030
09/2030","7474
(7474)",1658.03,22
Madhya Pradesh,Railways,547,"Nimach-Ratlam Doubling [133 Km]
(Western Railway [WR] - II)
(705933)",21-Oct,"10/2027
10/2027","1095.88
(1095.88)",1056.18,89
Madhya Pradesh,Urban Development,268,"Bhopal Metro Rail Project
(Madhya Pradesh Metro Rail Co Limited [MPMRCL])
(702625)",18-Nov,"11/2022
06/2028","6941.4
(6941.4)",3116.75,43
Madhya Pradesh,Urban Development,269,"Indore Metro Rail Project
(Madhya Pradesh Metro Rail Co Limited [MPMRCL])
(702626)",18-Nov,"11/2022
12/2028","7500.8
(7500.8)",3839.27,54
Madhya Pradesh,Water Resources,759,"Omkareshwar CADWM Project
(Water resource-mp)
(400096)",15-Apr,"12/2019
03/2026","648.09
(648.09)",172.56,3
Madhya Pradesh,Water Resources,760,"Bargi Diversion Project Phase - IV [km. 154 to km 197]
(Water Resources-MP)
(400115)",9-Jan,"12/2019
07/2025","751.03
(893.35)",777.99,74
Madhya Pradesh,Water Resources,761,"Bargi Diversion Project Phase - III [km. 104 to km 154]
(Water Resources-MP)
(400116)",7-Apr,"12/2019
07/2025","1229.15
(1399.7)",1807.2,79
Maharashtra,Coal,84,"BHATADI EXPANSION OC
(Western Coalfields Limited [WCL])
(400033)",22-May,"03/2028
(-)","580.61
(580.61)",20.52,26
Maharashtra,Coal,85,"AMALGAMATED YEKONA I & YEKONA II OC
(Western Coalfields Limited [WCL])
(400177)",15-Aug,"03/2025
03/2026","727.28
(727.28)",524.54,80
Maharashtra,Coal,86,"DINESH[MAKARDHOKRA-III] OC
(Western Coalfields Limited [WCL])
(400178)",20-Feb,"03/2027
(-)","822.88
(822.88)",621.73,35
Maharashtra,Coal,87,"DHUPTALA OC [SASTI UG TO OC ]
(Western Coalfields Limited [WCL])
(400353)",21-Oct,"03/2028
(-)","711.01
(711.01)",80.33,17
Maharashtra,Coal,88,"SAONER UG MINE -1 EXPANSION 1.2 MTY
(Western Coalfields Limited [WCL])
(615184)",22-Jan,"03/2028
(-)","228.64
(228.64)",139.81,68
Maharashtra,Coal,89,"SASTI EXPANSION OPENCAST
(Western Coalfields Limited [WCL])
(615186)",20-Aug,"03/2026
(-)","319.04
(319.04)",90.96,20
Maharashtra,Coal,90,"NEW MAJRI UG TO OC 3 MTY COST PLUS
(Western Coalfields Limited [WCL])
(615188)",22-Sep,"03/2027
(-)","402.27
(402.27)",41.08,24
Maharashtra,Coal,91,"MAKARDHOKRA EXPN OC 4.9 MTY
(Western Coalfields Limited [WCL])
(615189)",22-Jun,"03/2026
(-)","361.87
(361.87)",67.64,12
Maharashtra,Coal,92,"SINGHORI DEEP OC MIN 2.0 MTY
(Western Coalfields Limited [WCL])
(615190)",22-May,"03/2029
(-)","335.75
(335.75)",26.64,6
Maharashtra,Coal,93,"GOKUL EXTENSION OC MINE
(Western Coalfields Limited [WCL])
(615192)",21-Apr,"03/2026
(-)","309.58
(309.58)",29.85,8
Maharashtra,Coal,94,"KOLGAON EXPANSION DEEP OC MINE 0.80 MTY
(Western Coalfields Limited [WCL])
(615199)",23-Sep,"03/2027
(-)","198.71
(198.71)",0.71,3
Maharashtra,Coal,95,"BALLARPUR NORTH WEST OC MINE
(Western Coalfields Limited [WCL])
(615330)",22-Dec,"03/2029
(-)","360.81
(360.81)",0,4
Maharashtra,Coal,96,"GADEGAON OC 3 MTY
(Western Coalfields Limited [WCL])
(615331)",23-Oct,"03/2030
(-)","497.41
(497.41)",0,0
Maharashtra,Coal,97,"GHONSA EXPANSION DEEP OC MINE 1.5 MTY
(Western Coalfields Limited [WCL])
(615914)",21-Mar,"03/2029
(-)","184.71
(184.71)",10.48,6
Maharashtra,Coal,98,"AMLG GAURI PAUNI EXPANSION OC - 9.0 MTY
(Western Coalfields Limited [WCL])
(615916)",24-Apr,"03/2030
(-)","1225.21
(1225.21)",78.41,1
Maharashtra,Coal,99,"GAURIDEEP/GAURI CENTRAL OCP 7.00 MTY CP
(Western Coalfields Limited [WCL])
(615917)",24-Jun,"03/2030
(-)","973.07
(973.07)",0.11,0
Maharashtra,Coal,100,"RPR OF BHANEGAON OC
(Western Coalfields Limited [WCL])
(615918)",22-Sep,"03/2028
(-)","405.2
(405.2)",11.71,8
Maharashtra,Coal,101,"N. EXTN. MUNGOLI NIRGUDA D OCP 6.125 MTY
(Western Coalfields Limited [WCL])
(615919)",24-Jun,"03/2030
(-)","1024.91
(1024.91)",165.54,0
Maharashtra,Coal,102,"NILJAI EXPANSION DEEP OCP
(Western Coalfields Limited [WCL])
(615982)",16-Aug,"03/2022
03/2026","319.75
(319.75)",367.6,79
Maharashtra,Coal,103,"UKNI DEEP OC MINE -COST PLUS
(Western Coalfields Limited [WCL])
(616044)",19-Jan,"03/2021
03/2026","237.06
(237.06)",159.21,87
Maharashtra,Coal,104,"AMALGAMATED INDER-KAMPTEE DEEP OC
(Western Coalfields Limited [WCL])
(616050)",18-Sep,"03/2024
03/2026","235.9
(235.9)",237.12,98
Maharashtra,Coal,105,"ADASA UG TO OC MINE
(Western Coalfields Limited [WCL])
(616223)",18-Nov,"03/2024
03/2026","316
(316)",308.84,86
Maharashtra,Coal,106,"AMAL GONDEGAON GHATROHANA EXPN OCP
(Western Coalfields Limited [WCL])
(616229)",24-Sep,"03/2030
(-)","668.54
(668.54)",0.53,0
Maharashtra,Coal,107,"WAGHODA UG MINE [1.02 MTY]
(Western Coalfields Limited [WCL])
(617233)",25-Jan,"03/2030
(-)","379.3
(379.3)",0,0
Maharashtra,Coal,108,"KOLARPIMPRI EXPANSION OC [2.5 MTY]
(Western Coalfields Limited [WCL])
(617278)",25-Feb,"03/2030
(-)","630.37
(630.37)",0,0
Maharashtra,Department of Higher Education,306,"Hostel 4 -Earlier Known as Hostel 20
(Indian Institute of Technology, Bombay)
(612135)",22-May,"09/2025
(-)","182.33
(182.33)",132.44,94
Maharashtra,Department of Higher Education,307,"Academic Block 1 & 2
(Indian Institute of Technology, Bombay)
(612203)",23-Jan,"07/2026
03/2027","68
(263.93)",22.15,16
Maharashtra,Petroleum,327,"Andheri Residential Towers, Mumbai
(Ministry of Petroleum & Natural Gas)
(604833)",17-Jun,"05/2025
06/2026","281.35
(389.67)",227.54,50
Maharashtra,Petroleum,383,"Debottlenecking and Augmentation of Cryogenic facilities at Uran LPG Import
Terminal
(Department of Water Resources, River Development & GR)
(400158)",21-Apr,"02/2024
12/2025","1164.69
(1629.86)",901.73,84
Maharashtra,Petroleum,384,"500 KTA PDHPP Project, Usar
(Ministry of Petroleum & Natural Gas)
(400168)",21-Apr,"04/2025
10/2025","8797
(11256)",6768.36,85
Maharashtra,Petroleum,385,"Construction of lube oil blending plant at Rasayani
(Ministry of Petroleum & Natural Gas)
(610985)",22-May,"12/2023
12/2025","423.39
(526.26)",287.49,78
Maharashtra,Petroleum,386,"Lube Modernization & Bottom Upgradation Project at Mumbai Refinery
(Ministry of Petroleum and Natural Gas)
(616933)",24-Dec,"03/2028
03/2028","4679
(4679)",188.88,4
Maharashtra,Petroleum,387,"HP TDAE Unit in Mumbai Refinery
(Hindustan Petroleum Corporation Limited)
(709760)",24-Jun,"04/2026
04/2026","240
(240)",34.4,37
Maharashtra,Petroleum,388,"City Gas Distribution Project at Beed, Jalgaon and Jalna Districts
(MinistryofPetroleumNaturalGas)
(709771)",22-Mar,"09/2031
09/2031","865
(865)",68.01,2
Maharashtra,Petroleum,389,"Construction of Additional Tankages and Allied Facilities at JNPT Terminal
(MinistryofPetroleumNaturalGas)
(709780)",22-Apr,"08/2026
08/2026","341.43
(436.14)",279.19,50
Maharashtra,Petroleum,390,"ATF Pipeline from Jawaharlal Nehru Port Trust to Navi Mumbai International Airport
(Indian Oil Corporation Limited [IOCL])
(709782)",22-Aug,"08/2025
03/2026","165
(165)",89.94,72
Maharashtra,Petroleum,391,"Installation of Independent De- Aromatized Solvents [DAS] production facilities at MR
(Bharat Petroleum Corporation Limited [BPCL])
(709789)",23-Mar,"07/2025
12/2025","405
(343)",201.28,84
Maharashtra,Petroleum,392,"POL & LOBS Installations with Receipt Pipelines at Rasayani
(Bharat Petroleum Corporation Limited [BPCL])
(709797)",23-May,"05/2026
05/2026","2585
(2585)",564.58,58
Maharashtra,Petroleum,393,"Part Replacement Pipeline Project [PRPP]
(Oil and Natural Gas Corporation Limited [ONGC])
(709846)",22-Nov,"05/2024
11/2025","1219.48
(1145.1)",745.24,90
Maharashtra,Power,211,"Transmission System for Evacuation of power from Potential RE Zone in Khavda Area
of Gujarat under phase IV 7GW-Part E4
(Power Grid Corporation of India Limited [POWERGRID])
(611966)",23-Nov,"07/2025
11/2025","224.41
(224.41)",22.44,9
Maharashtra,Railways,548,"DHULE [BORVIHIR] - NARDANA NEW LINE [50.60 KMS]
(CR)
(400019)",23-Apr,"12/2026
09/2027","493
(1171)",234.48,9
Maharashtra,Railways,549,"Wardha-Nanded Via Yavatmal New BG Line
(Central Railway [CR] - II)
(400271)",8-Apr,"03/2028
03/2028","3445
(3445)",3002.93,50
Maharashtra,Railways,550,"AURANGABAD-ANKAI - DOUBLING PROJECT 98.25 Km
(South Central Railway [SCR] - II)
(611751)",23-May,"03/2027
(-)","960.64
(960.64)",0,0.01
Maharashtra,Railways,551,"Western Railway Vasai bypass double line between Naigaon Juchandra 6 km
(PCE/WR)
(611975)",23-Jul,"03/2026
(-)","176
(176)",0,0
Maharashtra,Railways,552,"Jogeshwari AT Development of JOS-AT as Trainset Maintenance Depot for energy
efficient Vande Bharat Sleeper Trains
(PCE/WR)
(611976)",23-Jun,"10/2025
(-)","221
(221)",0,0
Maharashtra,Railways,553,"Redevelopment of Chhatrapati Shivaji Maharaj Terminus [CSMT] and construction of
associated infrastructure
(Ministry of Railways)
(613015)",23-Jul,"03/2027
(-)","1813
(1813)",525.2,12
Maharashtra,Railways,554,"Gondia-Balharshah [Chanda Fort] Doubling [240 Km]
(South East Central Railway)
(617201)",25-Apr,"04/2030
(-)","4373.04
(4373.04)",0,0
Maharashtra,Railways,555,"Doubling between Parbhani Parli Vaijanath stations 64.71 Km
(South Central Railway [SCR] - II)
(617215)",23-Dec,"03/2028
(-)","769.93
(769.93)",0,0
Maharashtra,Railways,556,"Western Region Video Surveillance Project
(RCIL)
(705300)",23-Apr,"12/2023
(-)","227.59
(227.59)",0,0
Maharashtra,Railways,557,"Ahmednagar - Beed - Parli - Vaijnath New Broad Gauge Line Railway Project [261.3
km]
(Central Railways)
(705356)",2-Oct,"03/2026
03/2026","2539
(4957)",4725.34,92
Maharashtra,Railways,558,"Baramati Lonand New Line Project
(Central Railway [CR] - II)
(705357)",Mar-99,"03/2027
03/2027","736
(1844)",712,50
Maharashtra,Railways,559,"Wadsa-Gadchiroli
(South East Central Railway)
(705479)",12-Mar,"03/2027
03/2027","1886
(1886)",706.28,49
Maharashtra,Railways,560,"3rd Line Kalyan - Kasara [67.35 Kilometres]
(Central Railway [CR] - II)
(705498)",15-Sep,"12/2026
12/2026","793
(1432)",894.16,50
Maharashtra,Railways,561,"3rd Line Wardha - Sewagram - Nagpur
(Central Railway [CR] - II)
(705500)",16-May,"12/2025
12/2025","540
(698)",724.75,80
Maharashtra,Railways,562,"3rd Line Wardha - Ballarshah [132 Kilometres]
(Central Railway [CR] - II)
(705502)",16-Dec,"12/2025
02/2026","1385
(1385)",1102.48,77
Maharashtra,Railways,563,"Pune - Miraj-Londa [467 Kilometres]
(Central Railway [CR] - II)
(705503)",16-Jun,"02/2025
08/2025","3627
(6689)",6548,84
Maharashtra,Railways,564,"Doubling of Daund Manmad Line [247.6 km]
(Central Railway [CR] - II)
(705504)",17-Mar,"12/2025
12/2025","2081
(3075)",2769,88
Maharashtra,Railways,565,"4th Line Wardha - Nagpur [78.7 Kilometres]
(Central Railway [CR] - II)
(705505)",18-May,"12/2025
02/2026","638
(1137)",969,80
Maharashtra,Railways,566,"3rd Line Manmad - Jalgaon [160 Kilometres]
(Central Railway [CR] - II)
(705506)",18-Apr,"12/2024
08/2025","1035
(1559)",1692,97
Maharashtra,Railways,567,"Solapur-tuljapur-Osmanabad
(WR)
(705735)",23-Dec,"03/2028
03/2028","905
(3296)",1150,10
Maharashtra,Railways,568,"Nagpur- Nagbhir Railway Line Gauge Conversion Project
(MRIDC)
(705799)",20-Apr,"12/2025
12/2025","1400
(1400)",1472,80
Maharashtra,Railways,569,"Mumbai Urban Transport Project [MUTP] - PHASE II
(Mumbai Rail Vikas Corporation Ltd.[MRVC])
(706779)",8-Apr,"03/2014
12/2027","8087
(8087)",7364,87
Maharashtra,Railways,570,"Mumbai Urban Transport Project [MUTP] Phase-IIIA
(Mumbai Rail Vikas Corporation Ltd.[MRVC])
(706780)",19-Apr,"12/2027
12/2027","33690
(33690)",2246.15,16
Maharashtra,Railways,571,"Mumbai Urban Transport Project Phase-III
(Mumbai Rail Vikas Corporation Ltd.[MRVC])
(706781)",16-Dec,"03/2022
12/2026","10947
(10947)",5057.67,60
Maharashtra,Railways,572,"PACHORA-JAMNER WITH EXTENSION UPTO MALKAPUR NG TO BG
(CR)
(709808)",22-Jan,"08/2027
03/2028","955
(2094)",118,2
Maharashtra,Railways,573,"KALYAN-MURBAD VIA ULHASNAGAR [UMBRELLA WORK]
(Central Railway [CR] - II)
(709809)",23-Apr,"03/2027
03/2027","836
(836)",9.29,1
Maharashtra,Shipping and Ports,435,"Establishment of 600 bed super specialty hospital with optional development of
Medical college and further expansion on PPP basis.
(Mumbai Port Trust [MPT])
(708662)",22-Jan,"06/2026
12/2027","693
(693)",58,0
Maharashtra,Shipping and Ports,438,"Setting up of a Floating Storage and Regasification Unit [FSRU] - Mumbai
(Mumbai Port Trust [MPT])
(701586)",21-Apr,"11/2026
11/2026","900
(900)",65,0
Maharashtra,Shipping and Ports,439,"Operationalization of Coastal Berth & Shallow Water Berth through PPP
(Jawaharlal Nehru Port Authority [JNPA])
(708655)",21-Jul,"01/2026
(-)","366.8
(366.8)",188.46,25
Maharashtra,Urban Development,270,"PCMC To Nigdi- Extension Of North South Corridor Of Phase-1
(Maharashtra Metro Rail Corporation Limited [MMRCL])
(617225)",23-Oct,"01/2027
(-)","910.18
(910.18)",110.33,21
Maharashtra,Urban Development,271,"Pune Metro Phase-1 Extension line towards south from Swargate to Katraj
(Maharashtra Metro Rail Corporation Limited [MMRCL])
(617226)",24-Sep,"03/2029
(-)","2954.53
(2954.53)",18.66,3
Maharashtra,Urban Development,272,"New Suburba Station Development Project
(Ministry of Housing & Urban Affairs)
(701745)",19-Mar,"07/2022
(-)","262.76
(262.76)",17.62,6
Maharashtra,Urban Development,273,"Kalyan Station Precinct Imporvement Project
(Ministry of Housing & Urban Affairs)
(701991)",20-Jul,"07/2023
(-)","600
(600)",49.42,0
Maharashtra,Urban Development,274,"Mumbai Metro Line 3
(Mumbai Metro Rail Corporation Limited [MMRC])
(702637)",16-Jun,"03/2023
06/2024","23136
(23942)",27519.07,91.9
Maharashtra,Urban Development,275,"Nagpur Metro Rail Phase II Development Project
(Maharashtra Metro Rail Corporation Limited [MMRCL])
(702658)",22-Dec,"12/2027
(-)","6708
(6708)",977.38,24
Maharashtra,Water Resources,762,"Gosikhurd CADWM Project
(Department of water resources-MH - II)
(400095)",17-Apr,"12/2019
06/2026","743.73
(743.73)",252,50
Maharashtra,Water Resources,763,"Urmodi Irrigation Project
(Department of water resources-MH - II)
(400105)",18-Apr,"06/2022
06/2025","580.79
(895.81)",713.46,76.22
Maharashtra,Water Resources,764,"Sulwade-Jamphal-Kanoli Lift Irrigation Scheme
(Department of water resources-MH - II)
(400107)",19-Feb,"06/2023
06/2027","2407.67
(2407.67)",2436.43,80
Maharashtra,Water Resources,765,"Purna Barrage-2 [Ner Dhamana] Medium Irrigation Project
(Department of water resources-MH - II)
(400109)",18-Apr,"06/2020
06/2025","848.07
(888.43)",690.49,69
Maharashtra,Water Resources,766,"Jigaon Irrigation Project
(Department of water resources-MH - II)
(400112)",18-Apr,"06/2028
(-)","7222.95
(7222.95)",8501.45,90
Maharashtra,Water Resources,767,"Waghur Project
(Department of water resources-MH - II)
(701383)",Apr-96,"12/2019
03/2026","1058.99
(1758.51)",1530.36,89
Maharashtra,Water Resources,768,"Tillari Irrigation Project
(Department of water resources-MH - II)
(701384)",6-Jan,"12/2019
01/2025","368.34
(649.6)",724.36,99
Maharashtra,Water Resources,769,"Gosikhurd Project
(Department of water resources-MH - II)
(701386)",8-Apr,"12/2019
06/2026","7196.47
(12770.1)",13533.29,72
Maharashtra,Water Resources,770,"Bembla Irrigation Project
(Department of water resources-MH - II)
(701388)",7-Apr,"12/2019
06/2025","1352.53
(2685.41)",2689.7,98
Maharashtra,Water Resources,771,"Arjuna Medium Irrigation project
(Department of water resources-MH - II)
(701390)",8-Jan,"12/2019
12/2024","333.87
(611)",803.89,100
Maharashtra,Water Resources,772,"Aruna Medium Irrigation Project
(Department of water resources-MH - II)
(701391)",10-Jan,"12/2019
01/2025","210.45
(1472.14)",1697.94,97
Maharashtra,Water Resources,773,"Krishna Koyana Lift Irrigation Project
(Department of water resources-MH - II)
(701392)",9-Apr,"12/2019
12/2023","973.62
(2774.9)",1069.82,90
Maharashtra,Water Resources,774,"Lower Pedhi Project
(Department of water resources-MH - II)
(701396)",8-Apr,"12/2019
06/2026","255.97
(1480.7)",1324.78,64
Maharashtra,Water Resources,775,"Nardave Medium Irrigation Project
(Department of water resources-MH - II)
(701398)",9-Apr,"12/2019
03/2025","211.46
(781.85)",623.5,72.59
Manipur,Civil Aviation,15,"C/o NITB Imphal Airport
(Airport Authority of India [AAI])
(706718)",22-Jul,"07/2024
12/2026","499
(499)",160.48,41
Manipur,Water Resources,776,"Thoubal Multipurpose Project
(Water Resources Department-MN)
(701400)",Apr-97,"12/2019
03/2026","1449.44
(1822.24)",1837.91,98
Meghalaya,Department of Higher Education,308,"Construction and Developement of National Institute of Technology Meghalaya
Permanent Campus at Sohra
(National Institute of Technology, Meghalaya)
(612885)",14-Sep,"03/2022
07/2025","494.52
(494.52)",413.57,86
Meghalaya,Telecommunications,725,"Provision of 4G based Mobile Services in Uncovered Villages and National Highways
of Meghalaya
(Department of Telecommunications [DoT])
(701598)",20-Sep,"03/2022
03/2025","971.96
(971.96)",208.25,98
Mizoram,Department of Higher Education,309,"Construction of Permanent Campus for NIT Mizoram at Lengpui, Aizawl
(Ministry of Education)
(612876)",14-May,"12/2029
12/2029","474.23
(474.23)",167.55,4
"Multi-States (Goa,
Karnataka,
Maharashtra,
Telangana)",Civil Aviation,17,"SITC of ATM Automation System and ASMGCS [Including SMR & MLAT] for Mumbai,
Navi Mumbai, MOPA [without ASMGCS], HIAL & BIAL
(Airport Authority of India [AAI])
(611570)",22-Oct,"09/2025
(-)","500.48
(500.48)",306.21,74
"Multi-States (Delhi,
Haryana,
Rajasthan)",Power,219,"Transmission System Strengthening Scheme for evacuation of power from SEZ in
Rajasthan 8.1 GW under Phase II Part G
(Power Grid Corporation of India Limited [POWERGRID])
(608922)",22-May,"11/2023
11/2025","1666
(2218)",2139.28,95
"Multi-States (Delhi,
Rajasthan)",Power,220,"Transmission system for evacuation of power from REZ in Rajasthan 20GW under
Phase-III Part J
(Power Grid Corporation of India Limited [POWERGRID])
(611735)",22-Dec,"03/2025
04/2026","331
(331)",75.92,28
"Multi-States (Delhi,
Rajasthan)",Power,221,"Transmission Scheme for Evacuation of power from REZ in Rajasthan [20 GW] under
Phase-III Part D [Sikar Khetri Transmission Ltd]
(Power Grid Corporation of India Limited [POWERGRID])
(612132)",24-Feb,"08/2025
05/2026","2000
(2000)",1314.8,59
"Multi-States (Delhi,
Uttar Pradesh)",Power,222,"Transmission system strengthening scheme for evacuation of power from solar energy
zones in Rajasthan 8.1 GW under Phase II- Part- G1
(Power Grid Corporation of India Limited [POWERGRID])
(608301)",22-Feb,"09/2023
11/2025","359.47
(359.47)",330.71,93
"Multi-States (Goa,
Karnataka)",Railways,603,"Hospet - Tinaighat - Vasco Rail Doubling Project
(RVNL - II)
(705650)",12-Jul,"03/2027
12/2027","5060
(5060)",5007.82,86
"Multi-States (Goa,
Karnataka)",Railways,604,"Hospet-Hubli-Vasco da Gama Line Electrification Project
(RVNL)
(706950)",18-May,"03/2023
03/2024","744.49
(1122.62)",969.05,95
"Multi-States (Delhi,
Gujarat, Madhya
Pradesh,
Maharashtra,
Rajasthan)",Railways,602,"New Delhi- Mumbai Speed Booster[160Kmph] Project
(PCE/WR)
(705793)",19-Sep,"03/2024
(-)","6806.44
(6806.44)",135.65,0
"Multi-States (Uttar
Pradesh, West
Bengal)",Railways,635,"Sainthia, Sitarampur, Mughalsarai, Allahabad & Etawah - Bypass Line Project
(Eastern Railway [ER] - I)
(602797)",17-Dec,"03/2027
03/2027","461.64
(461.64)",178.45,6
"Multi-States (Delhi,
Haryana)",Urban Development,276,"Delhi Metro Rail Phase-IV [Rithala - Kundli Corridor]
(Delhi Metro Rail Corporation Limited [DMRC])
(617206)",25-Jan,"01/2029
(-)","6230.99
(6230.99)",0.14,0
"Multi-States (Delhi,
Uttar Pradesh)",Urban Development,277,"Delhi-Ghaziabad-Meerut Regional Rapid Transit System [RRTS] corridor
(National Capital Region Transport Corporation [NCRTC])
(702633)",19-Mar,"06/2025
(-)","30274
(30274)",25812.26,86
"Multi-States
(Andhra Pradesh,
Bihar, Delhi,
Gujarat,
Jharkhand,
Karnataka, Kerala,
Madhya Pradesh,
Odisha, Tamil
Nadu, Telangana,
Uttar Pradesh,
West Bengal)",Civil Aviation,16,"Procurment of 30 Nos ACFTs of WT Capacity 10KL at Various Airports
(Airport Authority of India [AAI])
(611440)",23-May,"06/2025
(-)","215.17
(215.17)",104.92,53
"Multi-States
(Jharkhand, West
Bengal)",Coal,109,"Master Plan for Jharia and Raniganj Coalfields
(Bharat Coking Coal Limited [BCCL])
(400313)",9-Aug,"08/2019
12/2028","2661.73
(2661.73)",787.75,43
"Multi-States
(Madhya Pradesh,
Uttar Pradesh)",Coal,110,"BINA KAKRI AMALGAMATION EXPANSION OPENCAST MINING PROJECT [14
MTPA]
(Northern Coalfields Limited [NCL])
(400369)",20-Aug,"03/2024
03/2027","836.42
(836.42)",778.77,89
"Multi-States
(Madhya Pradesh,
Uttar Pradesh)",Coal,111,"KHADIA EXPANSION [10 TO 16 MTPA] OPENCAST MINING PROJECT
(Northern Coalfields Limited [NCL])
(615183)",21-Jun,"03/2025
03/2027","491.67
(491.67)",202.18,40
"Multi-States
(Andhra Pradesh,
Chhattisgarh,
Odisha)",Petroleum,394,"Visakh Raipur Pipeline Project
(Ministry of Petroleum and Natural Gas)
(616254)",24-Sep,"09/2027
09/2027","2212
(2212)",11.52,7
"Multi-States
(Andhra Pradesh,
Odisha)",Petroleum,328,"Srikakulam Angul Gas Pipeline Project
(Ministry of Petroleum & Natural Gas)
(701343)",19-Sep,"07/2022
12/2025","2658.34
(2810)",2192.68,94
"Multi-States
(Andhra Pradesh,
Telangana)",Petroleum,395,"Multi-product Pipeline from Krishnapatnam Coastal Installation to the proposed
Installation at Hyderabad [Malkapur]
(Ministry of Petroleum & Natural Gas)
(701341)",19-Sep,"03/2025
08/2025","1932
(2208)",1552.37,98
"Multi-States
(Arunachal
Pradesh, Assam,
Manipur,
Meghalaya,
Mizoram,
Nagaland, Sikkim,
Tripura, West
Bengal)",Petroleum,396,"North East Gas Grid
(Ministry of Petroleum & Natural Gas)
(701346)",20-Apr,"03/2024
03/2026","9265
(9265)",6375.02,85
"Multi-States
(Arunachal
Pradesh, Gujarat,
Rajasthan)",Petroleum,329,"Rajasthan Refinery Project
(MinistryofPetroleumNaturalGas)
(701263)",17-Oct,"10/2022
03/2026","43129
(72937)",59524.37,87
"Multi-States
(Assam, Bihar,
Jharkhand,
Odisha, West
Bengal)",Petroleum,330,"Paradip-Numaligarh Crude Oil Pipeline [PNCPL] & Crude Oil Import Terminal [COIT]
at Paradip
(Ministry of Petroleum & Natural Gas)
(701349)",19-Jan,"07/2024
09/2025","10228
(11407)",9701.95,86
"Multi-States
(Assam, West
Bengal)",Petroleum,397,"Upgradation of Facilities of Numaligarh-Siliguri Product Pipeline [NSPL] for
transportation of additional products from existing 1.72 MMTPA to 5.5 MMTPA
(Ministry of Petroleum & Natural Gas)
(701350)",21-Jun,"12/2024
10/2025","860
(860)",566.18,98
"Multi-States
(Bihar, Jharkhand)",Petroleum,398,"CGD Project in Banka, Dumka, Godda, Jamtara, Pakur, Sahibganj GA ID 11A.02
(Hindustan Petroleum Corporation Limited)
(709757)",22-Jun,"06/2030
06/2030","1377
(1377)",329.43,26
"Multi-States
(Chhattisgarh,
Madhya Pradesh,
Maharashtra,
Odisha)",Petroleum,399,"Mumbai Nagpur Jharsuguda Pipeline Project
(Ministry of Petroleum & Natural Gas)
(701354)",20-Jun,"05/2023
09/2025","7844.25
(8255)",6495.6,95
"Multi-States
(Gujarat, Haryana,
Punjab,
Rajasthan)",Petroleum,400,"Mehsana-Bhatinda & Bhatinda-Jammu Natural Gas Pipeline
(Ministry of Petroleum & Natural Gas)
(701330)",11-Jul,"06/2024
12/2025","7392
(7392)",6304,90
"Multi-States
(Gujarat, Haryana,
Rajasthan)",Petroleum,331,"New Mundra Panipat Crude Oil Pipeline
(Ministry of Petroleum & Natural Gas)
(400078)",21-Dec,"12/2024
12/2025","9028
(9028)",7071.08,84
"Multi-States
(Gujarat, Madhya
Pradesh, Uttar
Pradesh)",Petroleum,332,"Kandla Gorakhpur LPG Pipeline
(Ministry of Petroleum & Natural Gas)
(400012)",18-Dec,"12/2021
12/2025","10088
(10088)",7598.13,92
"Multi-States
(Jammu and
Kashmir, Punjab)",Petroleum,401,"Gurdaspur Jammu Pipeline
(Gas Authority of India Limited [GAIL])
(612853)",23-Jul,"07/2026
07/2026","521.9
(521.9)",190.1,36
"Multi-States
(Karnataka, Tamil
Nadu)",Petroleum,333,"Multi Product Pipeline from Irugur to Devangonthi
(Department of Water Resources, River Development & GR)
(400301)",12-Nov,"02/2017
10/2025","678
(1732)",675.25,67
"Multi-States
(Karnataka,
Kerala, Tamil
Nadu)",Petroleum,402,"Kochi - Koottanad - Bangalore - Mangalore Pipeline Phase-II
(Ministry of Petroleum & Natural Gas)
(701228)",9-Jun,"12/2012
12/2025","2915
(5909)",4431.9,94
"Multi-States
(Karnataka,
Maharashtra)",Petroleum,403,"City Gas Distribution Maharashtra Natural Gas Limited
(Ministry of Petroleum & Natural Gas)
(701338)",6-Jan,"06/2031
06/2031","5535
(5535)",3836.09,0
"Multi-States
(Odisha, West
Bengal)",Petroleum,404,"Dhamra Haldia Pipeline Project
(Ministry of Petroleum & Natural Gas)
(701344)",20-Mar,"11/2022
12/2025","1030.65
(1125)",853.7,87
"Multi-States
(Punjab,
Rajasthan)",Petroleum,405,"City Gas Distribution Projects at Fazilka [except area already authorized], Ganganagar
and Hanumangarh districts
(Bharat Petroleum Corporation Limited [BPCL])
(709794)",22-Dec,"06/2030
06/2030","3207
(3207)",334.82,22
"Multi-States
(Andhra Pradesh,
Karnataka)",Power,212,"Transmission System for Integration of Kurnool-IV REZ Phase-I [for 4.5 GW]
[POWERGRID Kurnool-IV Transmission Limited]
(Power Grid Corporation of India Limited [POWERGRID])
(617185)",25-Mar,"03/2027
(-)","5550
(5550)",111,0
"Multi-States
(Andhra Pradesh,
Telangana)",Power,213,"Transmission System for Kurnool Wind Energy Zone/ Solar Energy Zone Part-A and
Part-B
(Power Grid Corporation of India Limited [POWERGRID])
(900808)",23-Mar,"11/2024
12/2025","3546.94
(3546.94)",3121.3,94
"Multi-States
(Arunachal
Pradesh, Assam)",Power,173,"Subansiri Lower HE Project [2000 MW]
(National Highways & Infrastructure Development Corporation Ltd. [NHIDCL])
(602096)",3-Sep,"09/2010
05/2026","6285.33
(26075.5)",24685.13,96
"Multi-States
(Arunachal
Pradesh, Sikkim)",Power,214,"Comprehensive Scheme for Strengthening of Transmission and Distribution [T&D]
Systems [CSST&DS] in Arunachal Pradesh and Sikkim
(Power Grid Corporation of India Limited [POWERGRID])
(602223)",16-Jan,"12/2018
03/2027","4754.42
(4754.42)",7321.07,81
"Multi-States
(Assam, Manipur,
Meghalaya,
Mizoram,
Nagaland, Tripura)",Power,215,"NORTH EASTERN REGION POWER SYSTEM IMPROVEMENT PROJECT
[NERPSIP]
(Power Grid Corporation of India Limited [POWERGRID])
(607709)",16-Mar,"12/2018
09/2025","5111.33
(6700)",5253.47,96
"Multi-States
(Bihar, Odisha,
West Bengal)",Power,216,"Eastern Region Expansion Scheme-43 [ERES-43]
(Power Grid Corporation of India Limited [POWERGRID])
(617271)",24-Sep,"03/2026
(-)","342.69
(342.69)",0.2,0
"Multi-States
(Bihar, West
Bengal)",Power,217,"Eastern Region Expansion Scheme-44 [ERES-44]
(Power Grid Corporation of India Limited [POWERGRID])
(617270)",24-Nov,"05/2026
(-)","408.94
(408.94)",0.2,0
"Multi-States
(Dadra & Nagar
Haveli and Daman
& Diu, Gujarat,
Maharashtra)",Power,218,"Transmission Network Expansion in Gujarat to increase its ATC from ISTS Part B
(Power Grid Corporation of India Limited [POWERGRID])
(400005)",22-Jul,"06/2023
12/2025","4546.26
(4546.26)",4148.46,93
"Multi-States
(Gujarat,
Maharashtra)",Power,223,"TRANSMISSION SYSTEM FOR EVACUATION OF POWER FROM POTENTIAL
RENEWABLE ENERGY ZONE IN KHAVDA AREA OF GUJARAT UNDER PHASE-V
[8 GW] PART A [SPV Name POWERGRID West Central Transmission Limited]
(Power Grid Corporation of India Limited [POWERGRID])
(615347)",24-Nov,"05/2029
(-)","24819
(24819)",1489.14,1
"Multi-States
(Haryana, Punjab,
Rajasthan)",Power,224,"Transmission system for evacuation of power from Rajasthan REZ Ph-IV [Part-
3/6GW] [Bikaner complex] Part A [SPV Name POWERGRID Bikaner IV Transmission
Limited]
(Power Grid Corporation of India Limited [POWERGRID])
(615339)",24-Nov,"11/2026
(-)","5969
(5969)",167.13,4
"Multi-States
(Haryana,
Rajasthan)",Power,225,"TRANSMISSION SYSTEM FOR EVACUATION OF POWER FROM RAJASTHAN
REZ PH-IV [PART-3/ 6 GW] [BIKANER COMPLEX] PART B [SPV Name
POWERGRID Siwani Transmission Limited]
(Power Grid Corporation of India Limited [POWERGRID])
(615340)",24-Nov,"11/2026
(-)","5357
(5357)",267.85,8
"Multi-States
(Jammu and
Kashmir, Ladakh)",Power,226,"Transmission System for Strengthening of Srinagar-Leh Tr. System
(Power Grid Corporation of India Limited [POWERGRID])
(606781)",22-Mar,"12/2024
09/2025","288.71
(288.71)",202.1,59
"Multi-States
(Karnataka,
Telangana)",Power,227,"Transmission Scheme for Solar Energy Zone in Bidar [2500 MW], Karnataka [Bidar
Transmission Ltd]
(Power Grid Corporation of India Limited [POWERGRID])
(612138)",24-Feb,"02/2026
(-)","2147.62
(2147.62)",1068.65,55
"Multi-States
(Madhya Pradesh,
Rajasthan)",Power,228,"Transmission System for Evacuation of Power from Rajasthan REZ Ph-IV [Part-2 5.5
GW] [Jaisalmer/Barmer Complex] Part D [SPV Name POWERGRID Beawar
Mandsaur Transmission Limited]
(Power Grid Corporation of India Limited [POWERGRID])
(615333)",24-Aug,"08/2026
(-)","2227
(2227)",534.48,19
"Multi-States
(Madhya Pradesh,
Rajasthan)",Power,229,"Transmission System for Evacuation of Power from Rajasthan REZ Ph-IV [Part-2 5.5
GW] [Jaisalmer/Barmer Complex] Part E [SPV Name POWERGRID Mewar
Transmission Limited]
(Power Grid Corporation of India Limited [POWERGRID])
(615334)",24-Aug,"08/2026
(-)","3251
(3251)",685.96,17
"Multi-States
(Madhya Pradesh,
Rajasthan)",Power,230,"Rajasthan REZ Ph-V [Part-1- 4 GW] [Sirohi/Nagaur] Complex [Rajasthan V Power
Transmission Limited]
(Power Grid Corporation of India Limited [POWERGRID])
(617186)",25-Mar,"03/2027
(-)","5028
(5028)",139.2,1
"Multi-States
(Rajasthan, Uttar
Pradesh)",Power,231,"Transmission System for Evacuation of power from Rajasthan REZ Ph-IV [Part-1]
[Bikaner Complex] Part D [Neemrana Bareilly Transmission Ltd]
(Power Grid Corporation of India Limited [POWERGRID])
(612133)",23-Dec,"12/2025
06/2026","2056
(2056)",1336.4,55
"Multi-States
(Rajasthan, Uttar
Pradesh)",Power,232,"Transmission System for evacuation of Power from Rajasthan REZ Ph-IV [Part-4 3.5
GW] Part A [SPV name POWERGRID Ghiror Transmission Limited]
(Power Grid Corporation of India Limited [POWERGRID])
(616670)",24-Dec,"12/2026
(-)","5846
(5846)",236.18,3
"Multi-States
(Andhra Pradesh,
Karnataka)",Railways,574,"Marikuppam - Kuppam New Line Project [23.70 Km]
(South Western Railway [SWR] - II)
(705491)",18-Oct,"06/2026
06/2026","297
(297)",123.17,15
"Multi-States
(Andhra Pradesh,
Karnataka)",Railways,575,"Rayadurg-Tumkur via Kalyandurg New Line [207 km]
(South Western Railway [SWR] - II)
(705494)",10-Jul,"09/2015
02/2028","2496
(2496)",1691.88,67
"Multi-States
(Andhra Pradesh,
Karnataka)",Railways,576,"Renigunta, Wadi & Gooty Bypass Railway Project
(South Central Railway [SCR] - I)
(705610)",16-Apr,"12/2025
12/2025","302
(543)",381,50
"Multi-States
(Andhra Pradesh,
Maharashtra,
Telangana)",Railways,577,"Doubling between Mudkhed Medchal & Mahbubnagar Dhone section 417.88 Km
(South Central Railway [SCR] - II)
(617212)",23-Aug,"03/2029
(-)","4686.09
(4686.09)",0,0
"Multi-States
(Andhra Pradesh,
Odisha)",Railways,578,"Vizianagaram - Titlagarh 3rd line [272 Km including By - pass line of 7.68 KM]
(RVNL - II)
(400253)",16-Nov,"12/2026
12/2026","4803
(6670)",5722.01,89
"Multi-States
(Andhra Pradesh,
Odisha)",Railways,579,"Doubling of Kottavalasa-Koraput Rail Line [189 KM]
(East Coast Railway [ECoR] - II)
(705512)",16-Jan,"03/2022
03/2028","2500
(2500)",2033.31,70
"Multi-States
(Andhra Pradesh,
Odisha,
Telangana)",Railways,580,"Malkangiri Pandurangapuram new railway line project
(Indian Railways)
(616702)",27-Jan,"11/2031
(-)","3591.76
(3591.76)",0,0
"Multi-States
(Andhra Pradesh,
Tamil Nadu)",Railways,581,"Tindivanam-Nagari New Line Project [184.5 km]
(Southern Railway [SR] - II)
(400275)",8-Oct,"09/2016
03/2028","3631
(3631)",1113.53,18
"Multi-States
(Andhra Pradesh,
Telangana)",Railways,582,"Doubling between Motumari Vishnupuram - 88.81 Km and Rail over Rail - RoR at
Motumari - 10.877 Km
(South Central Railway [SCR] - II)
(616857)",25-Mar,"03/2029
(-)","1595.55
(1595.55)",7.69,1
"Multi-States
(Andhra Pradesh,
Telangana)",Railways,583,"Doubling of Guntur Bibinagar 239 Km
(South Central Railway [SCR] - II)
(617211)",23-Aug,"03/2029
(-)","2853.23
(2853.23)",43.88,1
"Multi-States
(Andhra Pradesh,
Telangana)",Railways,584,"Rail Connectivity to Errupalem Amravati Namburu 57 Km
(South Central Railway [SCR] - II)
(617214)",24-Nov,"03/2027
(-)","2047.4
(2047.4)",0,0
"Multi-States
(Andhra Pradesh,
Telangana)",Railways,585,"Kazipet-Vijayawada 3rd line with electrification [220 km]
(South Central Railway [SCR] - II)
(705612)",14-Aug,"02/2025
12/2025","1953
(3363)",2915.49,90
"Multi-States
(Andhra Pradesh,
Telangana)",Railways,586,"Vijayawada - Kazipet Byepass line
(South Central Railway [SCR] - II)
(705632)",16-Apr,"01/2025
12/2025","647
(904)",870,91
"Multi-States
(Arunachal
Pradesh, Assam)",Railways,587,"Murkongselek-Pasighat
(Northeast Frontier Railway [NFR])
(705401)",12-Mar,"03/2025
12/2025","435
(1250)",901,56
"Multi-States
(Assam,
Nagaland)",Railways,588,"Lumding Furkating Doubling Project 140 km
(Northeast Frontier Railway [NFR])
(616701)",25-Jan,"02/2028
(-)","2123.7
(2123.7)",13.74,0
"Multi-States
(Assam,
Nagaland)",Railways,589,"Dimapur [Dhansiri]-Sukhobi Kohima [Zubza] NL [82.5 Km]
(Northeast Frontier Railway [NFR])
(705392)",16-Feb,"03/2025
12/2025","6663
(6663)",5202.29,79
"Multi-States
(Bihar, Delhi,
Jharkhand, Uttar
Pradesh, West
Bengal)",Railways,590,"New Delhi- Howrah Speed Booster[160Kmph] Project
(PCE/NCR)
(705794)",19-Sep,"03/2024
(-)","6684.81
(6684.81)",127.03,0
"Multi-States
(Bihar, Jharkhand)",Railways,591,"Third Railway Line between Patratu-Sonnagar [281 kms]
(RVNL - II)
(400234)",18-Aug,"03/2026
07/2026","8975
(8975)",4950,88
"Multi-States
(Bihar, Jharkhand)",Railways,592,"Multi tracking of Son Nagar-Andal [374.53 rkm & 814.38 tkm]
(East Central Railway [ECR] - I)
(616699)",23-Aug,"03/2028
(-)","12333.57
(12333.6)",444.74,10
"Multi-States
(Bihar, Jharkhand)",Railways,593,"Koderma-Tilaiya New Line
(East Central Railway [ECR] - II)
(705375)",2-Mar,"02/2025
02/2026","1626
(2020)",2060.97,92
"Multi-States
(Bihar, Jharkhand)",Railways,594,"Pirpainti - Jasidih [100.52 Km] New BG line
(Eastern Railway [ER] - I)
(705385)",22-Mar,"03/2028
03/2028","2555
(2555)",763.08,48
"Multi-States
(Bihar, Uttar
Pradesh)",Railways,595,"NER Provision of Automatic Block Signalling on Gorakhpur Cantt[Excl] Chhapra
Gramin & Burhwal Jn [Excl] Sitapur Jn section of high density routes
(North Eastern Railway [NER])
(611669)",23-Jun,"03/2027
(-)","380.47
(380.47)",24.53,0
"Multi-States
(Bihar, Uttar
Pradesh)",Railways,596,"Gorakhpur-Valmikinagar Doubling project
(NER)
(617224)",24-Mar,"12/2027
(-)","1120
(1120)",181.86,20
"Multi-States
(Bihar, Uttar
Pradesh)",Railways,597,"Chhapra-Ballia Patch Doubling
(North Eastern Railway [NER])
(705562)",15-Nov,"02/2025
03/2026","963
(1046)",906,95.4
"Multi-States
(Chhattisgarh,
Maharashtra)",Railways,598,"Rajnandgaon - Nagpur [Kalumna] Third Railway Line [228.30 km]
(South East Central Railway [SECR] - II)
(705617)",16-Dec,"12/2024
06/2026","3545
(3545)",3163.08,95
"Multi-States
(Chhattisgarh,
Odisha)",Railways,599,"Jagdalpur-Koraput
(East Coast Railway [ECoR] - II)
(705511)",16-Mar,"03/2024
12/2026","1547
(1547)",1308.2,90
"Multi-States
(Chhattisgarh,
Odisha)",Railways,600,"Jharsuguda-Bilaspur Fourth Railway Line [206 km]
(SECR)
(705616)",16-Sep,"10/2024
12/2025","2140
(2979)",2124.15,88
"Multi-States
(Dadra & Nagar
Haveli and Daman
& Diu, Gujarat,
Maharashtra)",Railways,601,"Mumbai-Ahmedabad High Speed Rail Project- 508 km
(National High Speed Rail Corporation [NHSRC])
(705728)",17-Sep,"08/2027
12/2029","108000
(108000)",78690.89,53
"Multi-States
(Gujarat, Haryana,
Maharashtra,
Rajasthan, Uttar
Pradesh)",Railways,605,"Western Dedicated Freight Corridor
(DFCCIL)
(705237)",12-Jan,"03/2022
12/2025","51101
(124005)",124623,96
"Multi-States
(Gujarat, Madhya
Pradesh)",Railways,606,"New line Dahod-Indore via Sardarpur, Jabuwa and Dhar
(Western Railway [WR] - II)
(705453)",12-Jun,"02/2027
02/2027","1942
(2691)",3412.98,67
"Multi-States
(Gujarat, Madhya
Pradesh)",Railways,607,"Chhota Udaipur - Dhar New Line Project [157 km]
(Western Railway [WR] - II)
(705454)",14-Jan,"12/2025
12/2025","1794
(1794)",1800.85,80
"Multi-States
(Gujarat,
Maharashtra)",Railways,608,"MUMBAI CENTRAL VIRAR VADODARA AHMEDABAAD TRAIN PROTECTION
SYSTEM 500 RKM
(Western Railway)
(611452)",23-Mar,"12/2025
06/2025","311
(311)",208,92
"Multi-States
(Gujarat,
Rajasthan)",Railways,609,"Taranga Hill-Abu Road via Ambaji
(North Western Railway [NWR])
(400022)",22-Jul,"07/2030
07/2030","2798
(2798)",1891.9,14
"Multi-States
(Gujarat,
Rajasthan)",Railways,610,"LUNI- SAMDARI- BHILDI DOUBLING
(North Western Railway [NWR])
(616842)",24-Feb,"07/2027
(-)","3085.59
(3085.59)",154.46,7
"Multi-States
(Haryana,
Himachal Pradesh)",Railways,611,"Chandigarh-Baddi New Rail Line- 36 km
(Northen Railway [NR])
(705424)",18-Feb,"12/2026
12/2026","1540
(1540)",506.73,31
"Multi-States
(Haryana,
Rajasthan)",Railways,612,"Rewari - Kathuwas Doubling Project [27.72 Km]
(North Western Railway [NWR])
(611861)",22-Dec,"06/2027
06/2027","352
(352)",239.01,59
"Multi-States
(Himachal
Pradesh, Punjab)",Railways,613,"Nangal Dam-Talwara New Broad Gauge Line [84 KM] and Taking Over Siding
Mukerian-Talwara [29 KM]
(Northen Railway [NR])
(705410)",May-85,"12/2025
01/2027","2018
(2018)",1848,74
"Multi-States
(Himachal
Pradesh, Punjab)",Railways,614,"Bhanupalli-Bilaspur-Beri New Railway Line Project
(RVNL - II)
(705428)",15-Apr,"12/2026
12/2027","13447
(13447)",6391.15,59
"Multi-States
(Jharkhand, West
Bengal)",Railways,617,"Chandil - Anara - Damodar - 3rd line [121.26 km]
(CAO/C/SER)
(616227)",25-Jul,"09/2029
(-)","1932.01
(1932.01)",0.03,0
"Multi-States
(Jharkhand, West
Bengal)",Railways,618,"Murarai - Barharwa 3rd line
(Eastern Railway [ER] - II )
(617240)",26-Jan,"05/2028
(-)","935.19
(935.19)",0,0
"Multi-States
(Jharkhand, West
Bengal)",Railways,619,"KHARAGPUR-ADITYAPUR THIRD RAIL LINE- 132 KM
(RVNL - II)
(705668)",18-Jan,"03/2025
12/2025","3250
(3250)",3176.46,97
"Multi-States
(Jharkhand,
Odisha)",Railways,615,"Doubling of Hatia [Ranchi]-Bondamunda Rail Line - 159 km
(South Eastern Railway - JH)
(705628)",17-Feb,"06/2025
06/2026","3029
(3029)",2458.15,85
"Multi-States
(Jharkhand,
Odisha, West
Bengal)",Railways,616,"Buramara-Chakulia new line [59.96 km]
(South Eastern Railway [SER] - I)
(616588)",24-Dec,"12/2029
(-)","1459.13
(1459.13)",1.04,0
"Multi-States
(Karnataka, Tamil
Nadu)",Railways,621,"Baiyyappanahalli - Hosur Doubling Project [48 km]
(Karnataka Rail Infrastructure Development Company Limited [K-RIDE])
(703586)",19-Feb,"12/2024
01/2026","499
(499)",595,97
"Multi-States
(Karnataka,
Maharashtra)",Railways,620,"Hotgi-Kudgi-Gadag Doubling Project
(South Western Railway [SWR] - II)
(705662)",16-Jan,"12/2024
03/2026","1878
(2459)",2628.8,89
"Multi-States
(Kerala, Tamil
Nadu)",Railways,622,"Trivandrum- Kanyakumari
(SR-ERS)
(705635)",16-Mar,"03/2024
12/2027","1432
(3785)",2451,46
"Multi-States
(Madhya Pradesh,
Maharashtra)",Railways,623,"Ratlam-Mhow-Khandwa-Akola Gauge Conversion
(Western Railway [WR] - II)
(705457)",10-Mar,"03/2027
09/2028","5678
(6531.9)",4314,87
"Multi-States
(Madhya Pradesh,
Maharashtra)",Railways,624,"Itarsi - Nagpur Third Railway Line [280 km]
(Central Railway [CR] - II)
(705507)",16-Sep,"03/2027
03/2027","2450
(2450)",1815.49,52
"Multi-States
(Madhya Pradesh,
Rajasthan)",Railways,625,"Gwalior - Seopurkala with extension to Kota [Gauge Conversion]
(North Central Railway)
(705419)",18-Jul,"03/2025
02/2026","2913
(2913)",2751,83
"Multi-States
(Madhya Pradesh,
Rajasthan)",Railways,626,"Ramganjmandi-Bhopal New Line Project [262 km]
(West Central Railway [WCR] - II)
(705481)",4-Oct,"12/2025
12/2027","3032
(5073)",3592.92,70
"Multi-States
(Madhya Pradesh,
Rajasthan)",Railways,627,"Nimach-Badi Sadri New Rail Line Project
(Western Railway [WR] - II)
(705764)",21-Sep,"03/2026
12/2025","495
(825)",306,46
"Multi-States
(Madhya Pradesh,
Rajasthan, Uttar
Pradesh)",Railways,628,"Mathura-Jhansi Third Railway Line [274 Km]
(RVNL - II)
(705667)",18-Mar,"12/2024
12/2026","5961
(5961)",4928.62,94
"Multi-States
(Madhya Pradesh,
Uttar Pradesh)",Railways,629,"Jhansi - Bina Third Railway Line [153 Km]
(CAO/C/NCR)
(705598)",18-Mar,"03/2022
03/2026","2002
(2002)",1884.84,93
"Multi-States
(Madhya Pradesh,
Uttar Pradesh)",Railways,630,"Jhansi-Khairar-Manikpur & Khirar-Bhimsen
(North Central Railway)
(705608)",17-Mar,"03/2026
03/2026","4330
(4330)",1989,53
"Multi-States
(Maharashtra,
Telangana)",Railways,631,"Third Line [new] between Kazipet - Balharshah with electrification [201.04 Km]
(South Central Railway [SCR] - II)
(705613)",16-Oct,"01/2025
11/2025","2595
(3071)",3142.35,92
"Multi-States
(Odisha, West
Bengal)",Railways,632,"Narayangarh-Bhadrak 3rd line
(South Eastern Railway [SER] - I)
(705629)",17-Mar,"12/2025
06/2026","2400
(2400)",2188,65
"Multi-States
(Puducherry, Tamil
Nadu)",Railways,633,"Nagapattinam-Tiruturaipundi and Karaikal-Peralam New Line
(Southern Railway [SR] - II)
(400223)",19-Jan,"03/2026
03/2027","713
(981)",598.38,80
"Multi-States
(Sikkim, West
Bengal)",Railways,634,"Sivok-Rangpo New Rail Line
(Indian Railway Construction International Limited [IRCON])
(705432)",10-May,"05/2015
12/2027","7877
(12133)",8883.6,80
"Multi-States
(Bihar, Jharkhand,
Uttar Pradesh,
West Bengal)",Road Transport and Highways,437,"Jal Marg Vikas Project
(Inland Waterways Authority of India [IWAI])
(701565)",18-Feb,"12/2023
12/2025","5369.18
(5061.15)",3432.34,70
"Multi-States
(Andhra Pradesh,
Bihar,
Chhattisgarh,
Jharkhand,
Madhya Pradesh,
Maharashtra,
Odisha,
Telangana, Uttar
Pradesh, West
Bengal)",Telecommunications,726,"Mobile connectivity in Left Wing Extremism [LWE] affected areas-Phase2
(Department of Telecommunications [DoT])
(701599)",21-Sep,"03/2023
11/2025","1577.57
(1577.57)",596.17,87
"Multi-States
(Andhra Pradesh,
Chhattisgarh,
Jharkhand,
Maharashtra,
Odisha)",Telecommunications,727,"Provision of 4G based mobile services in 7,287 uncovered villages of 44 Aspirational
District across 5 states of Andhra Pradesh, Chhattisgarh, Jharkhand, Maharashtra &
Odisha
(Department of Telecommunications [DoT])
(701602)",22-May,"11/2023
11/2025","3685
(3685)",1101.39,79
"Multi-States
(Arunachal
Pradesh, Assam)",Telecommunications,728,"Provision of 4G Mobile Services in Uncovered Villages of Arunachal Pradesh and 2
Districts of Assam
(Department of Telecommunications [DoT])
(701597)",21-Oct,"04/2023
09/2025","1255.49
(1255.49)",284.04,89
"Multi-States
(Bihar, Gujarat,
Himachal Pradesh,
Jammu and
Kashmir, Ladakh,
Rajasthan, Uttar
Pradesh)",Telecommunications,729,"354 Uncovered Villages Scheme
(Department of Telecommunications [DoT])
(701600)",20-Apr,"10/2021
08/2025","336.89
(301.13)",225.71,97
"Multi-States
(Bihar, Madhya
Pradesh,
Rajasthan, Uttar
Pradesh)",Telecommunications,730,"502 Aspirational District Scheme in Four states - Bihar, Madhya Pradesh, Rajastha
and Uttar Pradesh
(Department of Telecommunications [DoT])
(704495)",21-Mar,"03/2022
12/2025","421.65
(228.94)",126.45,96
"Multi-States
(Maharashtra,
Telangana)",Telecommunications,731,"PHASE-I OF CONSOLIDATION OF EXISTING CDR DATA CENTERS AND NIB-P3
DATA CENTERS WITH STATE OF THE ART
(BSNL)
(709749)",20-Mar,"06/2021
12/2025","461.42
(461.42)",166.02,81
"Multi-States
(Bihar, Jharkhand)",Water Resources,777,"North Koel Reservoir Project
(Department of Water Resources, River Development & GR)
(701412)",21-Jan,"03/2021
03/2026","1622.27
(2430.76)",142.1,32
Nagaland,Department of Higher Education,310,"Establishment of NIT Nagaland
(NIT Nagaland)
(613013)",12-Sep,"12/2025
(-)","275.63
(275.63)",257.82,93
Nagaland,Petroleum,406,"Augmentation/ Revamping of Dimapur Depot, Dimapur
(MinistryofPetroleumNaturalGas)
(709786)",23-Aug,"11/2027
11/2027","227.62
(227.62)",9.01,20
Odisha,Coal,112,"SUBHADRA OCP
(Mahanadi Coalfields Limited (MCL))
(400165)",21-May,"03/2029
03/2029","1693.81
(1693.81)",1278.66,42
Odisha,Coal,113,"SIARMAL OCP
(Mahanadi Coalfields Limited (MCL))
(400166)",21-Feb,"03/2029
03/2028","5194.95
(5194.95)",3455.65,54
Odisha,Coal,114,"BHUBANESWARI EXPANSION OCP
(Mahanadi Coalfields Limited (MCL))
(400179)",23-Jan,"03/2031
(-)","3145.45
(6321.73)",1250.66,21
Odisha,Coal,115,"BALARAM EXPANSION OCP
(Mahanadi Coalfields Limited (MCL))
(400183)",20-Aug,"03/2029
(-)","3504.21
(3504.21)",1027.23,52
Odisha,Coal,116,"GOPALJI KANIHA OCP [10 TO 30 MTY]
(Mahanadi Coalfields Limited (MCL))
(400185)",22-Apr,"03/2030
(-)","8416.19
(6107.87)",1694.31,17
Odisha,Coal,117,"INTEGRATED LAKHANPUR-BELPAHAR-LILARI OCP
(Mahanadi Coalfields Limited (MCL))
(400187)",18-May,"03/2027
(-)","2434.75
(2434.75)",1805.65,61
Odisha,Coal,118,"BHARATPUR RE-ORGANIZATION OCP
(Mahanadi Coalfields Limited (MCL))
(400392)",18-Nov,"03/2029
(-)","2838.86
(2838.86)",1748.9,47
Odisha,Coal,119,"BASUNDHARA WEST EXTENSION OPENCAST PRO
(Mahanadi Coalfields Limited (MCL))
(615193)",14-May,"03/2027
(-)","479.15
(479.15)",259.2,62
Odisha,Coal,120,"Naini Coal Mine
(Singareni Collieries Company Limited [SCCL])
(615857)",20-Mar,"03/2026
(-)","494.3
(494.3)",491.33,80
Odisha,Coal,121,"INTEGRATED KULDA GARJANBAHAL OCP 40 MTY
(Mahanadi Coalfields Limited (MCL))
(616226)",23-Apr,"03/2033
(-)","3563.5
(3563.5)",150.7,3
Odisha,Coal,122,"BHUBANESWARI EXPN OCP 50 MTY
(Mahanadi Coalfields Limited (MCL))
(616231)",24-Mar,"03/2033
(-)","5366.27
(5366.27)",0,3
Odisha,Coal,123,"HINGULA II OC EXPN PH III 15 MTY
(Mahanadi Coalfields Limited (MCL))
(616232)",22-Nov,"03/2029
(-)","1561.85
(1561.85)",50.15,23
Odisha,Coal,124,"BALABHADRA OCP
(Mahanadi Coalfields Limited (MCL))
(616233)",23-Apr,"03/2030
(-)","978.44
(978.44)",211.36,8
Odisha,Department of Higher Education,311,"IISER BERHAMPUR
(Indian Institutes of Science Education and Research, Behrampur)
(610315)",19-Sep,"03/2021
11/2025","1229.32
(773.76)",835.55,97
Odisha,Mines,286,"Expansion of Alumina Refinery Plant with addition of 5th Stream having capacity
enhancement of 1.0 Million Tonee Per Annum
(National Aluminium Company Limited [NALCO])
(400141)",17-Apr,"12/2022
09/2025","4103
(5677.4)",3913.98,75
Odisha,Mines,287,"Pottangi Bauxite Mines Project
(National Aluminium Company Limited [NALCO])
(400299)",18-May,"03/2025
05/2026","1381
(1960.77)",650.04,51
Odisha,Mines,288,"UTKAL D AND E COAL BLOCK
(National Aluminium Company Limited [NALCO])
(709829)",16-Feb,"03/2025
(-)","1021.97
(1021.97)",0,0
Odisha,Mines,289,"CONVERSION OF FLAT BOTTOM SETTLERS AND WASHERS WITH A SINGLE
TRAIN OF HRDS AND DCWS IN STREAMS 1 AND
(Ministry of Mines)
(709830)",17-Apr,"11/2026
(-)","355
(581)",0,0
Odisha,Mines,290,"SOURCING OF BAUXITE ARRANGEMENT FOR 5TH STREAM ALUMINA
REFINERY FROM SOUTH BLOCK MINING LEASE OF PANCHPATMAILI MINES
(National Aluminium Company Limited [NALCO])
(709831)",19-Nov,"05/2025
06/2026","483
(483)",403.44,90
Odisha,Petroleum,407,"Integrated Para Xylene [PX] and Purified Terephthalic Acid [PTA] Project at Paradip
Refinery
(Ministry of Petroleum & Natural Gas)
(604859)",20-Jul,"01/2024
08/2026","13805
(11783)",8250.46,90
Odisha,Petroleum,408,"CUF POL Depot at Sadashibpur [Meramundali], Odisha
(MinistryofPetroleumNaturalGas)
(709800)",21-Apr,"03/2026
03/2026","393.54
(393.54)",100.39,43
Odisha,Power,147,"NLC Talabira Thermal Power Project
(NLC India Limited [NLCIL])
(400231)",24-Jan,"03/2030
(-)","27212.96
(27213)",1938.68,1
Odisha,Power,174,"Talcher Thermal Power Station Stage III [2 x 660 MW] Expansion
(National Thermal Power Corporation [NTPC])
(602961)",22-Sep,"05/2027
03/2028","11843.75
(12543)",3975,26
Odisha,Railways,444,"3rd & 4th Railway Line Project from Salegaon to Budhapank via Rajathgarh.
(East Coast Railway [ECoR] - II)
(705515)",15-Dec,"03/2026
03/2026","1173
(2092)",1971,80
Odisha,Railways,445,"Jeypore-Navarangpur New Rail Line Project
(East Coast Railway [ECoR] - II)
(705741)",23-Apr,"07/2028
12/2029","748
(748)",10.43,1
Odisha,Railways,446,"Jeypore-Malkanagiri New Railway Line Project
(East Coast Railway [ECoR] - II)
(705742)",23-Dec,"07/2033
07/2033","2344
(2344)",196.75,8
Odisha,Railways,447,"Khurda Road - Balangir Electrification of Railway Track Project
(CORE)
(706898)",19-Sep,"03/2021
(-)","267.61
(267.61)",0,0
Odisha,Railways,636,"Proposed 6 nos Road Over Bridge [ROB] at different locations under MCL Talcher
Under Deposit Scheme.
(East Coast Railway [ECoR] - II)
(400045)",22-Jul,"03/2025
01/2025","168.32
(168.32)",69.85,82
Odisha,Railways,637,"Brundamal-Jharsuguda- flyover connection for joining downline
(East Coast Railway [ECoR] - II)
(400232)",14-Jan,"12/2026
12/2026","297
(297)",193.22,30
Odisha,Railways,638,"3rd & 4th line between Sarla - Sason [8 km] [PB 73/2023-24/NR]
(East Coast Railway [ECoR] - II)
(612834)",23-Apr,"12/2025
(-)","252
(252)",79.55,45
Odisha,Railways,639,"Bangriposi-Gorumahisani new line [ 85.60 km ]
(CAO/C/SER)
(616586)",25-Sep,"12/2029
(-)","2269.49
(2269.49)",0,0
Odisha,Railways,640,"Badampahar-Kendujhargarh new line [82.06 km]
(CAO/C/SER)
(616587)",25-Sep,"12/2029
(-)","1875.72
(1875.72)",0,0
Odisha,Railways,641,"Flyover between Siju and Paradeep coaching Yard to avoid Surface crossing of trains
(East Coast Railway [ECoR] - II)
(616694)",25-Oct,"07/2028
(-)","200.77
(200.77)",0,0
Odisha,Railways,642,"Paradeep - Badabandha 3rd & 4th Line / 18.51kms
(East Coast Railway [ECoR] - II)
(616695)",25-Apr,"11/2028
(-)","300.15
(300.15)",0.01,0
Odisha,Railways,643,"Khurda-Bolangir New Broad Gauge Rail Link [301km]
(East Coast Railway [ECoR] - II)
(705358)",1-Mar,"12/2026
12/2026","3792
(5089)",4983.45,89
Odisha,Railways,644,"Talcher-Bimlagarh New Railway Line
(East Coast Railway [ECoR] - II)
(705359)",4-Dec,"03/2025
03/2027","1928
(1928)",1902.91,47
Odisha,Railways,645,"Bhadrak-Nergundi Third Line
(East Coast Railway [ECoR] - II)
(705510)",15-Apr,"11/2024
01/2026","1284
(1284)",1298,80
Odisha,Railways,646,"Koraput - Singapur Railway Doubling
(East Coast Railway [ECoR] - II)
(705513)",15-Dec,"12/2027
03/2028","2362
(2362)",1787.49,68
Odisha,Railways,647,"Jarapada- Budhapank with flyover at Talcher road 3rd and 4th Line
(East Coast Railway [ECoR] - II)
(705514)",15-Dec,"11/2018
03/2026","1000
(810.02)",401.61,36
Odisha,Railways,648,"Talcher-Angul New Line with Y-Connection at Talcher
(CAO/C/ECoR)
(705743)",,"05/2027
05/2028","495
(495)",29.5,1
Odisha,Railways,649,"Baghuapal Flyover Construction Project
(CAO/C/ECoR)
(705767)",22-Oct,"03/2028
03/2028","257.97
(258)",0.83,0
Odisha,Railways,650,"Rourkela - Bondamunda 5th Line Doubling Project
(South Eastern Railway [SER] - I)
(706856)",22-Mar,"09/2026
09/2026","245
(245)",82,35
Odisha,Railways,651,"KODINGAMALI BAUXITE MINES TO SINGARAM RAILWAY STATION
(Indian Railway)
(709810)",26-Jan,"08/2027
08/2027","190.9
(190.9)",0,0
Odisha,Railways,652,"GANDHAMARDAN IRON ORE MINES TO GOALDIH STATION/12.76kms
(East Coast Railway [ECoR] - II)
(709811)",25-May,"09/2027
09/2027","190
(190)",0,0
Odisha,Shipping and Ports,440,"Deepening and Optimization of Inner Harbour facilities including development of
Western Dock on BOT basis to handle Cape size vessels
(Paradip Port Trust [PPT])
(701574)",23-Jan,"12/2027
10/2028","3004.63
(3004.63)",1149.79,40
Odisha,Stell,715,"Installation of 4th Slab Caster along with its Auxiliaries and a New Ladle Furnace in
SMS-II at Rourkela Steel Plant
(Steel Authority of India Limited [SAIL])
(400065)",22-Feb,"05/2025
07/2025","1105.23
(1105.23)",736.47,96
Odisha,Water Resources,778,"Integrated Anandpur Barrage Project
(Water Resources-OR)
(603945)",Jan-98,"12/2019
06/2025","567.03
(2990.05)",2629.74,62
Odisha,Water Resources,779,"Kanupur Irrigation Project
(Irrigation and CAD-TG)
(701404)",4-Jan,"12/2019
12/2024","989.43
(2301.28)",2563.56,79
Offshore,Petroleum,409,"Life Extension of 48 well platforms of Mumbai High & Heera Fields
(Oil and Natural Gas Corporation Limited [ONGC])
(400119)",15-Dec,"04/2018
12/2025","3190.69
(3375.9)",3074.01,89
Offshore,Petroleum,410,"PRP-VIII [Group-A]
(Ministry of Petroleum & Natural Gas)
(616950)",24-Sep,"02/2026
02/2026","1486.4
(1486.4)",184.56,17
Offshore,Petroleum,411,"Daman Upside Development Project
(Oil and Natural Gas Corporation Limited [ONGC])
(709839)",22-Jun,"10/2025
02/2026","4144.41
(6406.9)",3770.15,83
Offshore,Petroleum,412,"MHN TCPP PGC BGC Project [MTPBP]
(Ministry of Petroleum & Natural Gas)
(709848)",22-Jun,"05/2026
05/2026","2329.45
(2354.23)",820.24,48
Offshore,Petroleum,413,"PRP-VIII Group B [NH & BS Asset]
(Ministry of Petroleum & Natural Gas)
(709849)",24-Jun,"02/2026
02/2026","2379.84
(3165.53)",1652.62,61
Offshore,Petroleum,414,"Integrated Development of 4 Contract Areas under DSF-II
(Ministry of Petroleum & Natural Gas)
(709851)",23-May,"04/2027
04/2027","6183.79
(6183.79)",360,17
Offshore,Railways,653,"Junagarh Visavadar 42 Kms
(WR)
(611980)",23-Feb,"09/2028
09/2028","492.83
(492.83)",3,1
Offshore,Railways,654,"Jaynagar-Bijalpura, incl. extn. Bet, Bijalpura-Bardibas [Nepal]
(East Central Railway [ECR] - I)
(705362)",11-Mar,"03/2022
03/2026","819
(819)",588.32,75
PAN India,Telecommunications,732,"Saturation 4G mobile coverage of Uncovered Villages through USOF
(Department of Telecommunications [DoT])
(400013)",22-Jul,"06/2024
03/2026","26316
(30620)",9291.8,72
PAN India,Telecommunications,733,"4G Services by BSNL
(Department of Telecommunications [DoT])
(701593)",20-Nov,"03/2024
03/2026","28466
(19592)",8332.52,92
PAN India,Telecommunications,734,"BharatNet
(Department of Telecommunications [DoT])
(706775)",11-Oct,"08/2023
03/2027","61109
(188000)",41486.14,80.52
PAN India,Telecommunications,735,"SUPER EDGE ROUTERS FOR BSNL INTERNET PROTOCOL - MULTI PROTOCOL
LEBEL SWITCHING [IPMPLS] NETWORK
(BSNL)
(709855)",23-Mar,"03/2024
03/2025","239.6
(239.6)",179.63,100
PAN India,Telecommunications,736,"MPLS-IP BASED ACCESS AND AGGREGATION NETWORK [MAAN] IN BSNL
ALONG WITH TEST AND MEASURING EQUIPMENT
(BSNL)
(709856)",23-May,"08/2024
08/2025","645.13
(645.13)",522.88,90
PAN India,Telecommunications,737,"Planning, Engineering, Supply, Installation, Testing, Commissioning, Integration &
Annual Maintenance of 4G mobile network at 1 Lakh sites on PAN India basis
including Mumbai & Delhi LSA on turnkey basis under Phase IX.2 Project.
(BSNL)
(709857)",23-Jun,"06/2025
03/2026","24544.55
(24544.5)",8333.37,96
PAN India,Telecommunications,738,"OPTICAL TRANSPORT NETWORK [OTN] PH-4 IN BSNL
(BSNL)
(709858)",24-Feb,"08/2025
(-)","810.99
(810.99)",741.9,100
Puducherry,Department of Higher Education,312,"Establishment of NIT Puducherry Permanent Campus [Phase-I and Phase-II]
(National Institute of Technology, Puducherry)
(612877)",13-Jul,"12/2024
08/2025","618.34
(544.34)",509.24,94
Punjab,Department of Higher Education,313,"Construction of Permanent Campus of Indian Institute of Management [IIM] Amritsar,
Punjab, Phase-I
(Indian intitue of Management, Amritsar)
(605292)",20-Jul,"06/2023
12/2025","348.31
(348.31)",290.39,91
Punjab,Department of Higher Education,314,"Construction of Girls Hostel 400 seater, Boys Hostel 600 seater, Academic Block,
International Hostel 100 seater, VC Residence and Purchase of Equipment
(Central University of Punjab)
(617221)",25-Apr,"10/2027
(-)","210.99
(210.99)",0,0
Punjab,Petroleum,415,"2G Ethanol Biorefinery at Bathinda
(Hindustan Petroleum Corporation Limited [HPCL])
(400171)",20-May,"02/2023
03/2026","1421.46
(1421.46)",1180.91,95
Punjab,Petroleum,416,"Bathinda Sangrur Pipeline
(Ministry of Petroleum and Natural Gas)
(612998)",21-Nov,"05/2024
08/2025","367
(397)",339.19,93
Punjab,Petroleum,417,"City Gas Distribution Project at Pathankot District
(MinistryofPetroleumNaturalGas)
(709770)",22-Mar,"09/2033
09/2033","151
(151)",8.77,2
Punjab,Railways,655,"Ludhiana- Killa Raipur Railway Doubling Project
(CAO/C/NR)
(705783)",22-Dec,"03/2025
03/2026","237.64
(237.64)",118,55
Punjab,Water Resources,780,"Relining of Rajasthan feeder and Sirhind Feeder canal
(Department of Water Resources-PB)
(701410)",18-Apr,"06/2021
06/2025","1441.26
(2462.16)",2962.99,80
Punjab,Water Resources,781,"Shahpur Kandi Dam Project
(Department of Water Resources-PB)
(701411)",18-Apr,"06/2022
10/2025","2285.81
(2715.7)",2072.33,80
Rajasthan,Civil Aviation,18,"Construction of New Passenger Terminal Building for Domestic Operations at Jodhpur
Airport.
(Airport Authority of India [AAI])
(701127)",23-Apr,"11/2024
10/2025","480
(480)",254.71,77
Rajasthan,Civil Aviation,19,"Construction of New Integrated Passenger Terminal Building at Udaipur Airport
(Airport Authority of India [AAI])
(701128)",22-Nov,"03/2026
10/2026","887
(887)",312.4,44
Rajasthan,Petroleum,334,"Petrochemical evacuation marketing terminal at Barmer, Rajasthan
(Hindustan Petroleum Corporation Limited [HPCL])
(709759)",23-Dec,"12/2026
12/2026","461.05
(461.05)",111.57,51
Rajasthan,Power,148,"300 MW SPP part of 510 MW CPSU scheme
(NLC India Limited [NLCIL])
(612819)",23-Mar,"09/2024
09/2025","1813
(1813)",769.57,68
Rajasthan,Power,175,"BIKANER SOLAR POWER PROJECT
(Satluj Jal Vidyut Nigam [SJVN] Thermal Limited)
(709748)",22-May,"04/2024
12/2025","5491.89
(5491.89)",4606.84,82
Rajasthan,Power,233,"Transmission system strengthening scheme for evacuation of power from solar energy
zones in Rajasthan[8.1 GW] under phase-II- Part E
(Power Grid Corporation of India Limited [POWERGRID])
(611659)",23-Mar,"09/2024
10/2025","1433.28
(1433)",1341.7,93
Rajasthan,Power,234,"Transmission System for Evacuation of Power from REZ in Rajasthan 20GW under
Phase III- Part E2
(Power Grid Corporation of India Limited [POWERGRID])
(611947)",23-Nov,"06/2025
09/2025","428.3
(428.3)",107.07,46
Rajasthan,Power,235,"Transmission system for evacuation of power from REZ in Rajasthan 20 GW under
Phase-III part H
(Power Grid Corporation of India Limited [POWERGRID])
(611948)",23-Oct,"04/2025
12/2025","2211.29
(2211.29)",1780.53,72
Rajasthan,Power,236,"Transmission system for evacuation of power from REZ in Rajasthan 20 GW under
Phase-III part C1
(Power Grid Corporation of India Limited [POWERGRID])
(611949)",23-Oct,"04/2025
10/2025","1796.02
(1796.02)",1201.17,79
Rajasthan,Power,237,"Transmission system for evacuation of power from REZ in Rajasthan 20 GW under
Phase-III part B1
(Power Grid Corporation of India Limited [POWERGRID])
(611950)",23-Sep,"04/2025
12/2025","2190.54
(2190.54)",1740.6,77
Rajasthan,Power,238,"Transmission system for evacuation of power from REZ in Rajasthan 20GW under
Phase-III Part E1
(Power Grid Corporation of India Limited [POWERGRID])
(611951)",23-Aug,"02/2025
09/2025","688.74
(688.74)",585.42,93
Rajasthan,Power,239,"Transmission System for Evacuation of power from Rajasthan REZ Ph-IV [Part-1]
[Bikaner Complex] Part A [Bikaner Neemrana Transmission Ltd]
(Power Grid Corporation of India Limited [POWERGRID])
(612134)",23-Dec,"12/2025
03/2026","2998.34
(2998.34)",1592.11,49
Rajasthan,Power,240,"Transmission System for Evacuation of Power from Rajasthan REZ Ph-IV [Part-2 5.5
GW][Jaisalmer/Barmer Complex] Part B [SPV Name POWERGRID Sirohi
Transmission Limited]
(Power Grid Corporation of India Limited [POWERGRID])
(615332)",24-Aug,"08/2026
(-)","3279
(3279)",547.59,19
Rajasthan,Power,241,"Transmission System Strengthening for Interconnections of Bhadla-III & Bikaner III
Complex [SPV Name POWERGRID BHADLA BIKANER TRANSMISSION LIMITED]
(Power Grid Corporation of India Limited [POWERGRID])
(615335)",24-Aug,"08/2026
(-)","1382
(1382)",41.46,2
Rajasthan,Power,242,"Additional Transmission System for evacuation of Power from Bhadla-III PS as part of
Rajasthan REZ Phase III Scheme [20 GW] [SPV Name POWERGRID Bhadla-III
Power Transmission Limited]
(Power Grid Corporation of India Limited [POWERGRID])
(615337)",24-Aug,"02/2026
(-)","369
(369)",17.82,6
Rajasthan,Power,243,"TRANSMISSION SYSTEM FOR EVACUATION OF POWER FROM RAJASTHAN
REZ PH -IV [PART-2 5.5 GW] [JAISALMER/BARMER COMPLEX] PART F [SPV
Name POWERGRID BARMER I TRANSMISSION LIMITED]
(Power Grid Corporation of India Limited [POWERGRID])
(615338)",24-Nov,"11/2026
(-)","2735
(2735)",81.42,5
Rajasthan,Power,244,"Augmentation at Fatehgarh-II PS, Fatehgarh-IV PS [Section-II] and Barmer-I PS
[POWERGRID Fatehgarh Barmer Augmentation Transmission Limited]
(Power Grid Corporation of India Limited [POWERGRID])
(617181)",25-Mar,"12/2026
(-)","404
(404)",4.04,0
Rajasthan,Railways,656,"Dedicated Test Track for RDSO Phase II
(North Western Railway [NWR])
(611614)",21-Nov,"11/2026
11/2026","819.48
(967.06)",471,86
Rajasthan,Railways,657,"Devgarh Madariya - Nathdwara Gauge Conversion [82.54 Km] part of Marwar - Mavli
Gauge Conversion [152 Km]
(North Western Railway [NWR])
(611849)",23-Jan,"06/2028
06/2028","969
(969)",411,45
Rajasthan,Railways,658,"Maintenance cum workshop depot for Vande Bharat Sleeper Trains as per conditions
under WTA 527
(WPO/Patna)
(611929)",23-Jun,"12/2024
(-)","166.86
(166.86)",0,0
Rajasthan,Railways,659,"RINGUS KHATUSHYAMJI NEW LINE
(North Western Railway [NWR])
(616696)",24-Mar,"03/2028
(-)","254.06
(254.06)",1.65,0
Rajasthan,Railways,660,"RAS- MERTA CITY NEW LINE INCL BYPASS AT MERTA ROAD
(North Western Railway [NWR])
(616840)",24-Feb,"03/2028
(-)","947
(947)",1.36,0
Rajasthan,Railways,661,"PUSHKAR- MERTA CITY NEW LINE
(North Western Railway [NWR])
(616841)",24-Feb,"12/2026
(-)","799.64
(799.64)",13.91,3
Rajasthan,Railways,662,"AJMER- CHANDERIYA DOUBLING
(North Western Railway [NWR])
(616843)",24-Feb,"06/2027
(-)","1634.79
(1634.79)",59.51,5
Rajasthan,Railways,663,"Dholpur - Sirmuttra Gauge Conversion
(North Central Railway)
(705482)",20-Apr,"02/2019
02/2027","747
(747)",392,39
Rajasthan,Railways,664,"Gudha-Thatha Mithri Construction of Railway Track Project
(North Western Railway [NWR])
(705752)",19-Apr,"11/2026
11/2026","819.48
(967.06)",471,98
Rajasthan,Railways,665,"Sawai Madhopur-Jaipur Railway Line Project
(North Western Railway [NWR])
(705912)",23-Apr,"03/2027
(-)","1203.89
(1203.89)",35.05,9
Rajasthan,Railways,666,"Agra Fort-Bandikui Doubling Line Project
(CAO/C/NCR)
(705919)",21-Feb,"06/2027
06/2027","1390
(1390)",123,25
Rajasthan,Railways,667,"Sawaimadhopur Bye Pass Line Project
(North Western Railway [NWR])
(706866)",23-Jan,"03/2026
05/2027","304
(304)",134,35
Sikkim,Civil Aviation,20,"Widening of basic strip at Western Side of Runway Chainage 80m to 920m i/c slope
stabilization Measures [Balance work] of uphill and Improvement of Storm Water
Drainage System at Pakyong Airport, Sikkim on design & build basis [EPC] with
integrated 10 years maintenance.
(Airport Authority of India [AAI])
(612793)",23-Dec,"02/2026
(-)","323.26
(323.26)",29.69,12
Sikkim,Department of Higher Education,315,"Construction of Sikkim University Campus Phase-I Package-II at Yangang, South
Sikkim
(Sikkim University)
(609736)",22-Jan,"01/2025
09/2025","314.06
(314.06)",238.22,82
Sikkim,Department of Higher Education,316,"Establishment of Permanent Campus of NIT SIkkim at Khamdong-Gangtok District
(Ministry of Education)
(612883)",24-Mar,"02/2028
12/2026","685.76
(610.76)",121.56,7
Sikkim,Power,176,"TEESTA-VI HE PROJECT, SIKKIM [500 MW], executed by LANCO TEESTA HYDRO
POWER LIMITED [A wholly owned Subsidiary of NHPC LTD. acquired through NCLT]
(National Highways & Infrastructure Development Corporation Ltd. [NHIDCL])
(602181)",19-Mar,"03/2024
12/2027","5748.04
(5748.04)",4495.28,68
Sikkim,Power,177,"Rangit-IV HE Project [120 MW] executed by Jal Power Corporation Ltd. [JPCL] -A
wholly owned subsidiary of NHPC Ltd. acquired through NCLT
(National Highways & Infrastructure Development Corporation Ltd. [NHIDCL])
(605156)",21-Mar,"05/2024
12/2025","938.29
(1828.11)",1554.15,90
Tamil Nadu,Civil Aviation,21,"Modernization of Chennai Airport, Phase II, Part 2
(Airport Authority of India [AAI])
(611602)",23-Jun,"07/2025
03/2026","1207
(1207)",376.47,21
Tamil Nadu,Mines,291,"25.5 MW WIND POWER PROJECT AT KAYATHAR IN TAMILNADU
(National Aluminium Company Limited [NALCO])
(709832)",17-Dec,"03/2025
03/2026","166
(166)",135,65
Tamil Nadu,Petroleum,335,"Laying of POL Pipelines in Common Corridor for proposed grass root terminal at
Vallur [Chennai]
(Ministry of Petroleum & Natural Gas)
(400043)",22-Jan,"05/2026
05/2026","829
(829)",297.77,62
Tamil Nadu,Petroleum,336,"Grass root POL Terminal at Vallur, Chennai
(Indian Oil Corporation Limited [IOCL])
(400077)",22-Jan,"12/2024
03/2026","827
(887.71)",619.5,85
Tamil Nadu,Petroleum,418,"CBR 9 MMTPA Project
(Chennai Petroleum Corporation Limited [CPCL])
(604795)",21-Sep,"06/2025
10/2028","31580
(36354)",1342.27,10
Tamil Nadu,Petroleum,419,"Laying of new 28 inch Desal Water Pipeline and 10 inch Reject Water Pipeline
between CPCL Manali Refinery and CPCL Desalination plant at Ennore
(Chennai Petroleum Corporation Limited [CPCL])
(709750)",24-Jan,"09/2025
12/2025","205
(205)",19.86,39
Tamil Nadu,Petroleum,420,"City Gas Distribution Project at Dharmapuri and Krishnagiri Districts
(MinistryofPetroleumNaturalGas)
(709768)",22-Mar,"12/2030
12/2030","501
(501)",111.55,5
Tamil Nadu,Petroleum,421,"City Gas Distribution Projects at the Nilgiris and Erode districts
(Bharat Petroleum Corporation Limited [BPCL])
(709796)",22-Dec,"03/2030
03/2030","3685
(3685)",234.12,11
Tamil Nadu,Power,149,"50 MW Solar PP Minedout Area
(NLC India Limited [NLCIL])
(615327)",24-Feb,"03/2025
09/2025","218.03
(218.03)",160.93,46
Tamil Nadu,Power,245,"Transmission System under ISTS for evacuation of Power from Kudankulam Unit-3&4
[2x1000 MW] [SPV Name POWERGRID Kudankulam Tarnsmission Limited]
(Power Grid Corporation of India Limited [POWERGRID])
(616671)",25-Jan,"12/2026
12/2026","548
(548)",10.96,4
Tamil Nadu,Railways,668,"Ph II extension of MRTS from Velachery to St Thomas Mount
(Southern Railways [SR] - construction)
(400280)",8-Nov,"07/2024
08/2025","734
(982)",475.73,99
Tamil Nadu,Railways,669,"Redevelopment of Chennai Egmore Station
(WR)
(613002)",22-Oct,"03/2026
(-)","842
(842)",340,0
Tamil Nadu,Railways,670,"Coach Production Factory Upgradation Project
(CPM/ICF)
(705244)",18-Jul,"12/2021
(-)","520
(520)",192.25,0
Tamil Nadu,Railways,671,"Morappur - Dharmpuri New Railway Line Project
(Southern Railway [SR] - I)
(705755)",16-Dec,"03/2028
03/2028","359
(359)",40,1
Tamil Nadu,Road Transport and Highways,248,"Chennai Metro Rail Phase-II Development Project
(Chennai Metro Rail Limited [CMRL])
(702668)",20-Nov,"08/2029
(-)","63246
(63246)",47162.73,0
Telangana,Coal,125,"Jawahar Khani Open Cast Mine
(Singareni Collieries Company Limited [SCCL])
(615818)",21-Dec,"03/2025
03/2027","297.88
(297.88)",46.39,20
Telangana,Coal,126,"Kalyanikhani Opencast Project
(Singareni Collieries Company Limited [SCCL])
(615858)",17-May,"03/2026
(-)","384.32
(384.32)",281.83,75
Telangana,Coal,127,"Kakathiya Khani Opencast - III Project Phase - I
(Singareni Collieries Company Limited [SCCL])
(615859)",17-May,"03/2026
(-)","413.84
(413.84)",397.55,79
Telangana,Coal,128,"Godavarikhani Coal Mine - 5
(Singareni Collieries Company Limited [SCCL])
(615860)",19-May,"03/2025
03/2026","607.04
(607.04)",178.82,71
Telangana,Coal,129,"Indaram Opencast Project
(Singareni Collieries Company Limited [SCCL])
(615861)",22-Dec,"03/2025
03/2026","424.81
(424.81)",402.64,80
Telangana,Coal,130,"Goleti Opencast Mine
(Singareni Collieries Company Limited [SCCL])
(615862)",21-Aug,"03/2026
(-)","345.6
(345.6)",73.25,20
Telangana,Coal,131,"Venkatesh Khani Coal Mine
(Singareni Collieries Company Limited [SCCL])
(615863)",20-Jun,"03/2026
(-)","484.5
(484.5)",434.44,75
Telangana,Coal,132,"Ramagundam OC-II Extension Project
(Singareni Collieries Company Limited [SCCL])
(615864)",15-Jun,"03/2026
(-)","489.62
(489.62)",405.54,77
Telangana,Coal,133,"Kakatiyakhani OC - 2 Project
(Singareni Collieries Company Limited [SCCL])
(615865)",17-Sep,"03/2025
03/2026","442.42
(442.42)",203.15,63
Telangana,Department of Higher Education,317,"Construction of Precast housing and hostels at IIT Hyderabad
(Indian Institute of Technology, Hyderabad)
(609996)",22-Nov,"10/2024
01/2026","262
(262)",164.4,71
Telangana,Health and Family Welfare,434,"AIIMS Bibinagar
(Ministry of Health & Family Welfare)
(701171)",18-Dec,"09/2022
12/2025","1028
(1365.95)",792.24,83
Telangana,Railways,672,"Doubling between Bhadrachalam Road and Dornakal
(South Central Railway [SCR] - II)
(616856)",25-Apr,"04/2029
(-)","770.12
(770.12)",0,0
Telangana,Railways,673,"Manoharabad-Kothapalli New Rail Line [151 km]
(South Central Railway [SCR] - II)
(705437)",17-Jan,"03/2027
12/2027","1160
(2781)",1713.38,71
Telangana,Water Resources,782,"J. ChokhaRao LIS CADWM Project
(Irrigation and CAD-TG)
(400094)",16-Apr,"12/2019
03/2023","759.94
(13445.4)",0,0
Telangana,Water Resources,783,"Sri Ram Sagar Project Stage - II
(Irrigation and CAD-TG)
(400102)",5-Apr,"12/2019
12/2024","736.13
(949.87)",940.7,96
Telangana,Water Resources,784,"Indiramma Flood Flow Canal Project
(Irrigation and CAD-TG)
(400103)",6-Jan,"12/2019
03/2025","1331.3
(5940.09)",4491.08,92
Telangana,Water Resources,785,"J. Chokka Rao Devadula Lift Irrigation Scheme
(Irrigation and CAD-TG)
(701405)",6-Apr,"12/2019
12/2025","8200.71
(14730)",4558.89,87
Telangana,Water Resources,786,"Rajiv Bhima Lift Irrigation Scheme
(Irrigation and CAD-TG)
(701406)",8-Jan,"12/2019
03/2026","1402
(2509.66)",1839.76,100
Tripura,Petroleum,337,"Grass Root Rail-fed Depot at Sekerkote, Agartala as resitement of existing
Dharmanagar Depot
(Indian Oil Corporation Limited [IOCL])
(400035)",22-Jun,"09/2025
09/2025","656
(656)",465.73,84
Tripura,Petroleum,422,"Creation of Gas Dehydration Facilities, Tripura Asset
(Oil and Natural Gas Corporation Limited [ONGC])
(709837)",22-Mar,"05/2024
12/2025","209.33
(131.51)",65.97,62
Uttar Pradesh,Civil Aviation,22,"Construction of New Terminal Building, Second Link Taxi Track, Apron Expansion,
and associated works at Prayagraj Airport- On Design & Build Basis.
(Airport Authority of India [AAI])
(612063)",23-Aug,"11/2024
08/2025","219.18
(274.38)",206.33,97
Uttar Pradesh,Civil Aviation,23,"Lucknow Airport-Terminal 3- Phase 1 & Other Associated Works
(Adani Airport Holdings Limited)
(701091)",18-Sep,"03/2026
(-)","3100
(3100)",0,99.96
Uttar Pradesh,Civil Aviation,24,"Development of Lal Bahadur Shastri International airport, Varanasi including C/o New
Terminal Building, Apron Extension, Runway Extension, PTT and allied works.
(Airport Authority of India [AAI])
(701113)",24-Jul,"07/2027
07/2027","2869.65
(2869.65)",302.3,14
Uttar Pradesh,Civil Aviation,25,"Development of New Integrated Civil Enclave at Agra Airport
(Airport Authority of India [AAI])
(701122)",24-Jul,"07/2026
(-)","579
(579)",74.3,14
Uttar Pradesh,Department of Higher Education,318,"Banaras Hindu University [ Kayakalp of Institute of Medical Sciences]
(Banaras Hindu University)
(606479)",20-Jun,"09/2022
03/2026","246
(246)",185.83,93
Uttar Pradesh,Petroleum,338,"Grass-root Terminal at Mirzapur, Uttar Pradesh
(Ministry of Petroleum & Natural Gas)
(604852)",22-Sep,"11/2026
11/2026","980.45
(980.45)",236.22,50
Uttar Pradesh,Petroleum,423,"PP Project, Pata
(Gas Authority of India Limited [GAIL])
(400161)",19-Mar,"01/2024
08/2025","910.56
(1299.02)",1004,97
Uttar Pradesh,Petroleum,424,"Revamping / Augmentation of Facilities at Mathura Bitumen Plant
(MinistryofPetroleumNaturalGas)
(709781)",22-Apr,"06/2027
12/2026","260.12
(260.12)",1.11,25
Uttar Pradesh,Petroleum,425,"City Gas Distribution Projects at Lakhimpur Kheri , Sitapur, Bahraich,
Shravasti,Balrampur, Siddharth Nagar & Maharajganj districts
(Bharat Petroleum Corporation Limited [BPCL])
(709795)",22-Dec,"06/2030
06/2030","16654
(16654)",603.21,9
Uttar Pradesh,Petroleum,426,"71 MWp [DC] Solar power project at Prayagraj
(Bharat Petroleum Corporation Limited [BPCL])
(709801)",24-Feb,"08/2025
(-)","308.32
(308.32)",183.37,95
Uttar Pradesh,Power,150,"Ghatampur Thermal Power Plant 3 X 660 MW
(NLC India Limited [NLCIL])
(400259)",16-Aug,"11/2020
10/2025","17237.8
(21780.9)",20135.48,92
Uttar Pradesh,Power,178,"Khurja super Thermal Power Plant [2X660 MW]
(THDC India Limited)
(602194)",19-Aug,"02/2024
08/2025","11089.42
(13276.2)",12429.05,96
Uttar Pradesh,Power,179,"Singrauli Super Thermal Power Project, Stage-III [2x800 MW]
(National Thermal Power Corporation [NTPC])
(612142)",24-Mar,"02/2030
(-)","17195
(17195)",1626,8
Uttar Pradesh,Power,246,"Transmission System for Strengthening to facilitate evacuation of power from
Bhadla/Bikaner Complex
(Power Grid Corporation of India Limited [POWERGRID])
(617269)",24-Dec,"06/2026
(-)","212.81
(212.81)",0.2,0
Uttar Pradesh,Railways,674,"Bahraich-Shravasti-Balrampur-Siddharthnagar -Santkabir nagar
(North Eastern Railway [NER])
(400204)",17-Mar,"10/2030
10/2030","4939.78
(4939.78)",1217.13,8
Uttar Pradesh,Railways,675,"Sahjanwa-Dohrighat
(North Eastern Railway [NER])
(400205)",17-Mar,"03/2029
03/2029","1319.75
(1319.75)",457.35,3
Uttar Pradesh,Railways,676,"Anandnagar - Ghugli via Maharajganj 50 km
(Construction NER)
(617252)",23-Nov,"03/2028
(-)","958.27
(958.27)",432.01,23
Uttar Pradesh,Railways,677,"Chunar-Chopan doubling project
(North Central Railway)
(617284)",25-Jan,"03/2028
(-)","1423.96
(1423.96)",26,2
Uttar Pradesh,Railways,678,"Domingarh-Gorakhpur-Gorakhpur Cantt.-Kusumhi - 3rd Railway Line Project
(North Eastern Railway [NER])
(705566)",18-Jun,"02/2025
09/2025","351
(521.47)",494,98
Uttar Pradesh,Railways,679,"Burhwal Gonda 3rd line
(North Eastern Railway [NER])
(705567)",19-Jul,"03/2025
09/2025","1016
(1118)",1113.75,70
Uttar Pradesh,Railways,680,"Janghai-Pratapgarh- Amethi
(CAO/C/II/NR)
(705588)",17-Mar,"03/2025
03/2026","722
(1194)",1100,70
Uttar Pradesh,Railways,681,"Lalitpur-Birari with flyover at Lalitpur- 16 Km
(North Central Railway)
(705766)",17-Mar,"12/2024
11/2025","304.44
(356)",214,65
Uttar Pradesh,Railways,682,"Mughalsarai-Allahabad, 3rd line
(North Central Railway)
(705772)",16-Mar,"12/2026
03/2027","2649
(2649)",1399,62
Uttar Pradesh,Railways,683,"Aligarh -Daud Khan Flyover Construction & 3rd Railway Line Project
(CAO/C/NCR)
(705774)",20-Sep,"01/2025
03/2027","758
(779.49)",315.37,55
Uttar Pradesh,Railways,684,"Bhandai Flyover Construction Project
(CAO/C/NCR)
(705777)",21-Apr,"02/2026
02/2027","250.18
(250.18)",118,15
Uttar Pradesh,Railways,685,"Phephna-Indara, Mau-Shahganj doubling excluding Indara-Mau
(South Eastern Railway [SER] - I)
(705779)",17-Mar,"12/2024
03/2026","1178
(1777)",1489.5,85
Uttar Pradesh,Railways,686,"Bhatni-Aurnihar with electrification excluding Indara-Mau
(RVNL - II)
(705780)",17-Mar,"12/2024
10/2025","2529
(2529.46)",2051.69,94
Uttar Pradesh,Railways,687,"Barabanki-Malhaur 3rd & 4th Railway Line Project
(CAO/C/NR)
(705782)",17-Apr,"03/2025
03/2026","407
(407)",317,75
Uttar Pradesh,Railways,688,"Janghai-Phaphamau Doubling Rail Line Project
(RVNL)
(705784)",20-Mar,"03/2025
03/2025","357
(978.77)",579,95
Uttar Pradesh,Railways,689,"Bahraich - Nanpara - Nepalganj Road Gauge Conversion
(North Eastern Railway [NER])
(705863)",21-Apr,"07/2025
08/2025","950
(950)",507.02,86
Uttar Pradesh,Railways,690,"Allahabad division - Aligarh - Harduaganj Flyover
(North Central Railway)
(705918)",21-Feb,"06/2026
03/2027","1457
(1457)",50,8
Uttar Pradesh,Telecommunications,744,"Interception & Diversion with Rehabilitation of sewerage scheme at Agra under Hybrid
annuity based PPP model-Namami Gange Programme
(National Mission for Clean Ganga)
(616594)",23-Apr,"04/2025
12/2025","842.25
(842.25)",208.64,69
Uttar Pradesh,Telecommunications,745,"Pollution Abatement Works for River Kali Meerut under Meerut Municipality
Interception & Diversion with STP
(National Mission for Clean Ganga)
(616605)",24-Nov,"12/2024
05/2027","690.71
(690.71)",0,27
Uttar Pradesh,Urban Development,257,"In-Situ Slum Redevelopment Project in Uttar Pradesh
(PMAY, Ministry of Housing and Urban Affairs)
(702612)",15-Jun,"03/2024
(-)","576.99
(576.99)",141.94,0
Uttar Pradesh,Urban Development,278,"Kanpur Metro Rail Project
(Uttar Pradesh metro rail corporation [UPMRC])
(702628)",19-Nov,"05/2024
03/2027","11076.48
(11076.5)",9079.81,73
Uttar Pradesh,Urban Development,279,"Agra Metro Rail Project
(Uttar Pradesh metro rail corporation [UPMRC])
(702629)",20-Dec,"05/2024
06/2027","8379.62
(8379.62)",6055.19,57
Uttar Pradesh,Water Resources,787,"Saryu Nahar CADWM Project
(Irrigation & Water Resources-UP)
(400093)",17-Apr,"12/2019
03/2026","1672.7
(1672.7)",0,0
Uttar Pradesh,Water Resources,788,"Arjun Sahayak Project
(Irrigation & Water Resources-UP)
(400117)",9-Apr,"12/2019
12/2019","741.38
(2465.68)",3218.3,100
Uttar Pradesh,Water Resources,789,"Morna [Gureghar] Irrigation Project
(Department of Water Resources, River Development & GR)
(701395)",7-Dec,"06/2023
(-)","219.9
(219.9)",0,0
Uttar Pradesh,Water Resources,790,"Madhya Ganga canal Phase-II
(Irrigation & Water Resources-UP)
(701408)",7-Jul,"12/2019
12/2024","1060.67
(4417.21)",4415.24,82
Uttarakhand,Department of Higher Education,319,"Construction & Development of Infrastructural Facilities in the main campus of NIT
Uttarakhand at Sumari, Pauri Garhwal
(National Institute of Technology Uttarakhand)
(611963)",24-Apr,"09/2027
(-)","650.85
(650.85)",130,24
Uttarakhand,Power,180,"Tapovan-Vishnugad HEP [4x130 MW]
(National Thermal Power Corporation [NTPC])
(602185)",6-Nov,"03/2013
04/2029","2978
(10907.3)",7123.58,77
Uttarakhand,Power,181,"Tehri Pumped Storage Plant Project [4x250 MW]
(THDC India Limited)
(602193)",11-Jun,"06/2022
11/2025","4825.6
(8339)",7939.82,98
Uttarakhand,Power,182,"Vishnugad Pipalkoti Hydro Electric Project [444 MW]
(THDC India Limited)
(602195)",14-Jan,"12/2022
03/2027","3860.35
(6823.72)",4828.89,72
Uttarakhand,Railways,691,"Rishikesh-Karnaprayag New Rail Line- 125 km
(RVNL - II)
(705429)",18-Aug,"12/2025
03/2027","38953
(38953)",24645.15,65
Uttarakhand,Urban Development,258,"Green Building Development Project
(Ministry of Housing & Urban Affairs)
(701766)",19-Aug,"11/2023
(-)","150.97
(150.97)",18.95,0
Uttarakhand,Water Resources,791,"Jamrani Dam Multipurpose Project
(Irrigation-UK)
(613787)",23-Apr,"06/2029
(-)","2584.1
(2584.1)",486.52,16
West Bengal,Civil Aviation,26,"Development of New Civil Enclave at Bagdogra Airport
(Airport Authority of India [AAI])
(611495)",23-Oct,"01/2027
01/2027","1549
(1549)",262.41,10
West Bengal,Civil Aviation,27,"Re-Construction of Rigid portions of Secondary Runway, K and A Taxiway and
Strengthening of C Taxiway at NSCBI Airport Kolkata.
(Airport Authority of India [AAI])
(612791)",23-Dec,"02/2025
08/2026","328.3
(328.3)",98.15,44
West Bengal,Coal,134,"MOHANPUR EXPANSION OC -PHASE II
(Eastern Coal Fields Limited [ECL])
(400173)",20-Nov,"03/2026
(-)","888.99
(888.99)",85.51,30
West Bengal,Coal,135,"BONJEMEHARI EXPANSION OCP
(Eastern Coal Fields Limited [ECL])
(400180)",21-Aug,"03/2026
03/2026","570.11
(570.11)",81.29,16
West Bengal,Coal,136,"NAKRAKONDA KUMARDIH- B OCP
(Eastern Coal Fields Limited [ECL])
(400181)",18-Aug,"03/2029
(-)","502.68
(502.68)",70.97,25
West Bengal,Coal,137,"SIDULI [OC & UG]
(ECL - CIL)
(400182)",18-May,"03/2027
(-)","535.18
(535.18)",5.05,14
West Bengal,Coal,138,"TILABONI UG
(Eastern Coal Fields Limited [ECL])
(400186)",23-Mar,"03/2029
03/2029","749.08
(749.08)",51.73,10
West Bengal,Coal,139,"JHANJRA EXPANSION UG
(Eastern Coal Fields Limited [ECL])
(400312)",20-Apr,"03/2029
(-)","1210.12
(1210.12)",514.93,40
West Bengal,Coal,140,"SONEPUR BAZARI EXPANSION OCP [12 MTY]
(Eastern Coal Fields Limited [ECL])
(400315)",21-Jul,"03/2029
(-)","5365.88
(5365.88)",571.02,17
West Bengal,Coal,141,"2.0 MTPA BHOJUDIH NLW WASHERY
(Ministry of Coal)
(611016)",19-Mar,"09/2020
09/2025","384.57
(384.57)",353.21,97
West Bengal,Coal,142,"ITAPARA OCP
(Eastern Coal Fields Limited [ECL])
(612816)",23-Dec,"03/2030
(-)","929.1
(929.1)",65.61,7
West Bengal,Coal,143,"SHYAMSUNDARPUR UG INCLUDING SARPI
(Eastern Coal Fields Limited [ECL])
(613793)",20-Apr,"03/2026
(-)","483.65
(483.65)",55.89,12
West Bengal,Coal,144,"PARASEA-BELBAID UG PROJECT
(Eastern Coal Fields Limited [ECL])
(613794)",23-Jan,"03/2028
(-)","389.1
(389.1)",131.42,16
West Bengal,Coal,145,"PARASCOLE JAMBAD OCP
(Eastern Coal Fields Limited [ECL])
(616230)",24-Nov,"03/2037
(-)","1193.55
(1193.55)",6.79,0
West Bengal,Department of Higher Education,320,"HEFA projects on development of student hostels, playgrounds, departmental
buildings, class room complex and other campus facilities in IIT Kharagpur
(Indian Institute of Technology, Kharagpur)
(609019)",19-Apr,"03/2023
03/2026","500
(442)",382.6,87
West Bengal,Department of Higher Education,321,"IoE Projects [Civil Works], IIT Kharagpur
(Indian Institute of Technology, Kharagpur)
(609041)",19-Apr,"03/2023
12/2026","287.2
(287.2)",310,86
West Bengal,Mines,282,"Construction of Basement + Ground Floor+ 10 Storeyed building for State of the Art
Director General, GSI Building at plot No.GN-40, Sector-V, Salt Lake, Kolkata
(Central Public Works Department (CPWD))
(617280)",20-Feb,"08/2026
(-)","255.37
(255.37)",78.34,35
West Bengal,Petroleum,427,"Durgapur - Haldia Pipeline [Section-3B of JHBDPL Project]
(Ministry of Petroleum & Natural Gas)
(617302)",17-Mar,"12/2020
12/2025","1740
(2493.15)",2237.5,90
West Bengal,Petroleum,428,"Haldia Panagarh Pipeline Project
(Hindustan Petroleum Corporation Limited)
(709753)",22-Nov,"11/2025
11/2025","1010
(1010)",627.12,81
West Bengal,Petroleum,429,"CGD Project in Malda, Birbhum, Murshidabad, Dakshin Dinajpur GA ID 11A.03
(Hindustan Petroleum Corporation Limited)
(709758)",22-Jun,"06/2030
06/2030","2628
(2628)",332.52,26
West Bengal,Petroleum,430,"City Gas Distribution Project at East Mednipore, West Mednipore & Jhargram Districts
(MinistryofPetroleumNaturalGas)
(709772)",22-Mar,"06/2031
06/2031","609
(609)",58.15,2
West Bengal,Petroleum,431,"City Gas Distribution Projects at Alipurduar and Cooch Behar
(Bharat Petroleum Corporation Limited [BPCL])
(709791)",22-Dec,"03/2030
03/2030","1017
(1017)",176.15,32
West Bengal,Power,183,"Raghunathpur Thermal Power Station Phase II [2X660 MW] at Raghunathpur, Purulia,
West Bengal
(Damodar Valley Corporation)
(400062)",25-Feb,"06/2029
(-)","17673
(17673)",1183.7,1
West Bengal,Power,184,"Rammam-III HEPP [3x40 MW]
(National Thermal Power Corporation [NTPC])
(602184)",14-Sep,"09/2019
03/2029","1381.84
(1381.84)",1266,45
West Bengal,Power,185,"Installation of FGD for 4x210 & 2x250 MW MTPS U 1-6
(Damodar Valley Corporation)
(602538)",21-Feb,"01/2024
12/2025","1037
(1106)",1085.39,91
West Bengal,Railways,692,"Kalinarayanpur-Krishnanagar Doubling Alongwith Krishnanagar - Chapra New Line
And Naihati-Ranaghat 3rd Line.
(Eastern Railway [ER] - I)
(400247)",5-Nov,"02/2027
02/2027","1000
(1000)",1029.97,67
West Bengal,Railways,693,"Tarakeshwar-Bishnupur New Line [82.47 km]
(Eastern Railway [ER] - I)
(400273)",8-Feb,"03/2019
02/2026","1189
(1542)",1287.05,90
West Bengal,Railways,694,"Dum Dum Airport-New Garia via Rajarhat-Construction of Metro Railway
(RVNL - II)
(400277)",11-Oct,"12/2025
03/2026","8964
(8964)",8097.47,80
West Bengal,Railways,695,"Construction of Balurghat-Hilli new BG Line
(Northeast Frontier Railway [NFR])
(612096)",10-Dec,"03/2027
03/2025","1209
(1209)",405.31,9
West Bengal,Railways,696,"Kalipahari Bakhtarnagar 5th line
(Eastern Railway [ER] - I)
(617322)",25-Jul,"06/2027
06/2027","350.46
(350.46)",0,0
West Bengal,Railways,697,"Joka-BBD Bag new metro project
(RVNL - II)
(705730)",10-Apr,"12/2026
12/2028","4835
(10362)",4361.23,59
West Bengal,Railways,698,"Noapara-Barasat via Bimanbandar - Construction of Metro railway [18 km]
(Metro Railway, Kolkata)
(706776)",10-Mar,"08/2026
03/2029","4830
(4830)",2764.13,32
West Bengal,Shipping and Ports,441,"Berth No. 2 [previously Berth 3] of HDC Mechanization Project
(Haldia Dock Complex, Syama Prasad Mookerjee Port Authority)
(701576)",23-Mar,"09/2025
01/2026","298.26
(298.26)",399.52,83
West Bengal,Shipping and Ports,442,"Shalukkhali Liquid Cargo Handling Facility Development Project
(Haldia Dock Complex, Syama Prasad Mookerjee Port Authority)
(701577)",22-Aug,"08/2025
(-)","253.65
(253.65)",9.28,0
West Bengal,Stell,716,"Rebuilding of COB 4 at Durgapur Steel Plant
(Steel Authority of India Limited [SAIL])
(612781)",23-Dec,"12/2026
(-)","916.78
(916.78)",118.63,12
West Bengal,Stell,717,"Installation of New Bar Mill at Durgapur Steel Plant
(Steel Authority of India Limited [SAIL])
(617242)",24-Oct,"06/2027
(-)","2115.44
(2115.44)",206.67,24
West Bengal,Stell,718,"Up-gradation of Blast Furnace No. 3 at Durgapur Steel Plant
(Steel Authority of India Limited [SAIL])
(617246)",24-Oct,"06/2026
(-)","758.09
(758.09)",53.31,3
West Bengal,Stell,719,"Third Ladle Furnace in Secondary Refinery Unit at IISCO Steel Plant
(Steel Authority of India Limited [SAIL])
(617248)",24-Dec,"07/2026
(-)","227.96
(227.96)",16.24,29
West Bengal,Stell,720,"Revamping of Air Pollution Control Systems of SP-1 at Durgapur Steel Plant
(Steel Authority of India Limited [SAIL])
(617251)",24-Dec,"05/2026
(-)","196.4
(196.4)",0.19,2
West Bengal,Telecommunications,746,"Pollution Abatement works for River Ganga at Hooghly Chinsurah- Municipal Town
Interception & Diversion with STP
(National Mission for Clean Ganga)
(616604)",21-Dec,"03/2025
12/2025","154.73
(154.73)",96.17,92
West Bengal,Urban Development,700,"Baranagar-Barrackpore and Dakshineshwar- Construction of Metro Railway
(RVNL - II)
(706777)",10-Mar,"12/2026
12/2025","2298
(2734)",393,17
