State,Sector,Sl No,"Project Name
(Agency Name)
(Project Code)","Date
of
Approval
(MM/YYYY)","Date of
Commissioning
Original
(Revised)
{Anticipated}
(MM/YYYY)","Cost Original
(Revised)
{Anticipated}
in Rs. Crore","Cumulative
Expenditure
in Rs. Crore","Physical
Progress
(%)"
"Andaman &
Nicobar",Urban Development,247,"Integrated Command control Center [ICCC] - Construction and Development of
Integrated Command Control Center with Security, Surveillance, ITMS, Connecting
Port, Ship Service, Smart Solid Waste Management, Smart Public Transport System
(ministry of housing and urban affairs)
(707229)","07/2021
(11/2021)","05/2023
(-)","209.88
(209.88)",0,70
Andhra Pradesh,Civil Aviation,1,"Construction of New Domestic Terminal Building Building and miscellaneous works
including maintenance, operations and AICMC at Kadapa Airport
(Airport Authority of India [AAI])
(612786)","03/2023
(01/2024)","01/2026
(03/2026)","265.91
(265.91)",76.65,42
Andhra Pradesh,Civil Aviation,2,"Construction of New Integrated Terminal Building and associated works including
apron to park 3 code E type of aircraft or 6 code C type of aircraft at Vijayawada
Airport.
(Airport Authority of India [AAI])
(701107)","06/2020
(09/2020)","09/2022
(03/2026)","611.8
(611.8)",523.14,86
Andhra Pradesh,Civil Aviation,3,"Construction of New Domestic Terminal Building at Rajahmundry Airport.
(Airport Authority of India [AAI])
(701121)","12/2022
(08/2023)","08/2025
(03/2026)","347.15
(347.15)",109.62,64
Andhra Pradesh,Department of Higher Education,305,"Construction of Permanent Campus of Central Tribal University of Andhra Pradesh
Phase-1
(Central Tribal University of Andhra Pradesh)
(613008)","09/2019
(12/2023)","06/2027
(-)","305
(305)",19.96,32
Andhra Pradesh,Health and Family Welfare,454,"Construction of 350 beds + 50 Super Specialty beds ESIC Hospital Sheelanagar,
Visakhapatnam, Andhra Pradesh
(Employee's State Insurance Company [ESIC])
(612167)","02/2021
(04/2023)","10/2025
(01/2026)","384.27
(384.27)",105,40
Andhra Pradesh,Petroleum,336,"Construction of Aviation Fuel farm Facilities at Bhogapuram Airport
(Ministry of Petroleum & Natural Gas)
(616235)","08/2024
(08/2024)","03/2026
(03/2026)","240
(240)",72.26,83
Andhra Pradesh,Petroleum,354,"KG-DWN-98/2 Cluster - II Development Project - NELP Block
(Oil and Natural Gas Corporation Limited [ONGC])
(400120)","03/2016
(03/2016)","06/2020
(06/2026)","34012
(34012)",32250,96
Andhra Pradesh,Petroleum,355,"HP-COAT [Crude to Olefins and Aromatics Technology] demo unit at Visakh Refinery
(Hindustan Petroleum Corporation Limited)
(709752)","09/2021
(09/2021)","06/2024
(03/2026)","160
(220)",99.49,79
Andhra Pradesh,Petroleum,356,"City Gas Distribution Project at Kurnool, Guntur & Prakasam Districts
(MinistryofPetroleumNaturalGas)
(709766)","03/2022
(03/2022)","03/2030
(03/2030)","1420
(1420)",168.51,6
Andhra Pradesh,Railways,502,"Nadikudi - Srikalahasti New Line
(South Central Railway [SCR] - II)
(400298)","03/2012
(12/2016)","05/2027
(03/2028)","2312
(5932)",2421.35,54
Andhra Pradesh,Railways,503,"Malugur- Palasamudram New Line Project [17.975 Km]
(South Western Railway [SWR] - II)
(611615)","09/2022
(07/2026)","11/2027
(12/2027)","342
(342)",0,0
Andhra Pradesh,Railways,504,"GOOTY-PENDEKALLU DOUBLING 29.225 Km
(South Central Railway [SCR] - II)
(611752)","03/2023
(06/2023)","03/2027
(03/2027)","351.83
(351.83)",18,25
Andhra Pradesh,Railways,505,"GUNTAKAL WEST-MALLAPPA GATE RAIL OVER RAIL - ROR TRACK
(South Central Railway [SCR] - II)
(611754)","07/2023
(07/2023)","07/2026
(-)","293.3
(293.3)",0,0
Andhra Pradesh,Railways,506,"Kurnool - Setting up facilities for coach midlife rehabilitation workshop
(WPO/Patna)
(611927)","01/2014
(10/2017)","12/2023
(-)","560.72
(560.72)",276.66,65
Andhra Pradesh,Railways,507,"Flyover between Pendurthi and Simhachalam North to avoid surface crossing at
Simhachalam 7.135 km PB 73 of 2023 24 NR
(East Coast Railway [ECoR] - II)
(612827)","04/2023
(05/2024)","04/2027
(-)","183.65
(183.65)",5.15,11
Andhra Pradesh,Railways,508,"3rd & 4th line between Vadlapudi -Gate Jn. cabin and Tie line between Gate Junction
to Gangavaram port
(East Coast Railway [ECoR] - II)
(616697)","04/2023
(03/2024)","06/2026
(-)","154.28
(154.28)",20.58,32
Andhra Pradesh,Railways,509,"Tiupati Katpadi 104.39 kms
(South Central Railway [SCR] - II)
(617210)","04/2025
(04/2025)","03/2029
(-)","1215.56
(1215.56)",0.1,0
Andhra Pradesh,Railways,510,"3rd Line between Gudur Renigunta 83.17 Km
(South Central Railway [SCR] - II)
(617216)","10/2024
(10/2024)","03/2027
(-)","877.34
(877.34)",29.04,0
Andhra Pradesh,Railways,511,"Kurnool Coach Midlife Rehabilitation Project
(WPO/Patna)
(705253)","05/2016
(07/2014)","12/2020
(-)","563
(563)",120,0
Andhra Pradesh,Railways,512,"Kotapalli - Narasapur New Line
(South Central Railway [SCR] - II)
(705436)","03/2009
(09/2013)","03/2028
(03/2028)","2501
(2501)",1320.81,29
Andhra Pradesh,Railways,513,"Guntur-Guntakal Doubling Project
(South Central Railway [SCR] - II)
(705633)","03/2017
(11/2017)","12/2025
(12/2026)","3733
(4295)",4475.93,93
Andhra Pradesh,Railways,514,"Vijaywada-Gudur 3rd Line
(RVNL - II)
(705648)","08/2016
(04/2018)","11/2024
(12/2025)","6654
(6654)",5922,90
Andhra Pradesh,Railways,515,"Penukonda - Dharmavaram Doubling Project [41.5 Km]
(South Western Railway [SWR] - II)
(705789)","06/2018
(12/2018)","03/2026
(03/2026)","307.66
(307.66)",276.34,85
Andhra Pradesh,Road Transports and Highways,181,"Transmission Scheme for Solar Energy Zone in Ananthpuram 2500MW and Kurnool
1000MW
(Power Grid Corporation of India Limited [POWERGRID])
(611967)","09/2023
(09/2023)","09/2025
(03/2026)","1248.69
(1248.69)",1023.92,90
Andhra Pradesh,Road Transports and Highways,182,"Augmentation of 1x1500 MVA 3rd 765/400 kV transformation capacity at Kurnool
New Substation
(Power Grid Corporation of India Limited [POWERGRID])
(612856)","05/2023
(12/2023)","09/2025
(01/2026)","163.61
(163.61)",88.34,82
Andhra Pradesh,Road Transports and Highways,183,"Transmission system strengthening at Kurnool- III PS for integration of additional RE
generation projects [POWERGRID Kurnool III PS RE Transmission Limited]
(Power Grid Corporation of India Limited [POWERGRID])
(617183)","03/2025
(03/2025)","12/2027
(-)","2886
(2886)",141.7,7
Andhra Pradesh,Urban Development,760,"Krishnapatnam Node - Phase 1 - Roads and Services Development
(National Industrial Corridor Development Corporation)
(701658)","12/2020
(02/2024)","02/2028
(-)","2139.44
(2139.44)",503.39,24
Andhra Pradesh,Water Resources,274,"ESR - 8 nos., distribution system - 216 Km, new house service connections - 38760
nos. upgrading of feeder mains, pumping station etc. - Phase II
(Ministry of Housing & Urban Affairs)
(702674)","02/2017
(07/2018)","03/2023
(01/2026)","172.22
(172.22)",88.86,82
Andhra Pradesh,Water Resources,785,"Sardar Gouthu Latchanna Thotapalli Barrage Project
(Water Resources-AP)
(400100)","04/2005
(01/2006)","12/2019
(06/2026)","353.05
(1023.24)",869.11,95
Andhra Pradesh,Water Resources,786,"Gundlakamma project
(Water Resources-AP)
(400101)","04/2005
(04/2005)","12/2019
(03/2027)","397.41
(697.39)",619.09,98
Andhra Pradesh,Water Resources,787,"Polavaram Irrigation Project
(Water Resources-AP)
(701415)","01/2009
(11/2009)","04/2022
(03/2026)","10151.04
(55548.9)",25291.59,84
Arunachal Pradesh,Department of Higher Education,306,"Construction of Permanent Campus of National Institute of Technology Arunachal
Pradesh
(National Institute of Technology, Arunachal Pradesh)
(612898)","09/2009
(03/2013)","08/2026
(-)","592.61
(592.61)",550.61,80
Arunachal Pradesh,Power,151,"Dibang Multipurpose Project
(National Hydroelectric Power Corporation Limited [NHPC])
(602182)","02/2023
(02/2023)","02/2032
(02/2032)","31876.39
(31876.4)",3776.74,16
Arunachal Pradesh,Power,152,"240MW Heo HE Project
(North Eastern Electric Power Corporation Limited)
(611698)","12/2024
(05/2025)","07/2029
(-)","1938.85
(1938.85)",64.76,3
Arunachal Pradesh,Power,153,"186 MW Tato-I H E Project
(North Eastern Electric Power Corporation Limited)
(611699)","12/2024
(05/2025)","07/2029
(-)","1750.07
(1750.07)",63.73,2
Arunachal Pradesh,Road Transports and Highways,184,"North Eastern Region Expansion Scheme-XXIII [NERES-XXIII]
(Power Grid Corporation of India Limited [POWERGRID])
(617375)","08/2025
(08/2025)","02/2028
(-)","209.38
(209.38)",0.04,0
Assam,Civil Aviation,4,"Guwahati Airport New Integrated Terminal Building Construction Project
(Adani Airport Holdings Limited)
(706724)","12/2016
(03/2018)","03/2025
(11/2025)","1712
(1712)",2456.07,94
Assam,Coal,26,"TIKAK EXTENSION OCP
(MIS MoCoal Integration Logins)
(615820)","07/2022
(07/2022)","07/2031
(-)","159.77
(159.77)",81.47,4
Assam,Coal,27,"TIRAP OCP
(MIS MoCoal Integration Logins)
(615821)","11/2022
(11/2022)","11/2030
(-)","289.46
(289.46)",105.61,3
Assam,Department of Higher Education,307,"Tezpur University Projects
(Tezpur University)
(606112)","05/2019
(06/2021)","11/2023
(12/2025)","153.71
(153.71)",125.03,97
Assam,Health and Family Welfare,455,"Construction of 200 bedded ESIC Hospital with 62 Nos Staff quarters , Beltola
(Employee's State Insurance Company [ESIC])
(612201)","12/2017
(10/2021)","04/2025
(02/2026)","143.23
(154.75)",101.83,94
Assam,Petroleum,337,"Construction of LPG Facilities at Kamardanga, Assam
(Hindustan Petroleum Corporation Limited)
(709754)","03/2023
(03/2023)","07/2027
(07/2027)","156.36
(156.36)",70.91,53
Assam,Petroleum,338,"Setting up of new rail fed POL facility at Kamardanga, Assam
(Hindustan Petroleum Corporation Limited [HPCL])
(709755)","03/2023
(03/2023)","07/2027
(07/2027)","384.04
(384.04)",150.78,62
Assam,Petroleum,357,"Numaligarh Refinery Expansion Project
(Ministry of Petroleum & Natural Gas)
(604791)","07/2020
(07/2020)","07/2024
(12/2025)","12366
(22494)",17836.48,79
Assam,Petroleum,358,"Development of Surface Facilities for production and evacuation of Crude Oil and
Natural Gas from Nadua and East Khagorija
(Ministry of Petroleum & Natural Gas)
(604863)","01/2018
(01/2018)","02/2020
(12/2025)","682.9
(726.93)",491.68,94
Assam,Petroleum,359,"Guwahati Refinery Expansion [1.0 to 1.2 MMTPA] along with installation of CRU,
Guwahati Refinery
(Ministry of Petroleum & Natural Gas)
(607701)","05/2021
(05/2021)","10/2023
(05/2026)","412.3
(577)",451.05,88
Assam,Petroleum,360,"Construction of Field Gas Gathering Station at Baghjan area for collection, processing
& transportation of natural Gas to be produced from Baghjan Field
(Ministry of Petroleum & Natural Gas)
(616858)","12/2020
(12/2020)","03/2024
(12/2025)","430.76
(430.76)",331.99,88
Assam,Petroleum,361,"Pipeline Rehabilitation Project, Phase-II
(Ministry of Petroleum & Natural Gas)
(617827)","12/2024
(12/2024)","12/2029
(12/2029)","680
(680)",2.24,14
Assam,Petroleum,362,"Coke Drum Structure Package
(Ministry of Petroleum & Natural Gas)
(617836)","12/2022
(12/2022)","12/2025
(12/2025)","635.28
(635.28)",58.68,45
Assam,Petroleum,363,"Augmentation/Revamping of Facilities at existing Guwahati Terminal at Betkuchi
(MinistryofPetroleumNaturalGas)
(709776)","04/2022
(04/2022)","09/2026
(09/2026)","277
(323.09)",190.21,70
Assam,Petroleum,364,"Capacity Expansion of Digboi Refinery from 0.65 to 1.0 MMTPA
(MinistryofPetroleumNaturalGas)
(709779)","06/2022
(06/2022)","03/2026
(07/2027)","768
(740)",125.07,46
Assam,Petroleum,365,"Pipeline Network Project Rudrasagar
(Ministry of Petroleum & Natural Gas)
(709847)","01/2023
(01/2023)","04/2026
(04/2026)","344.99
(344.99)",220.37,48
Assam,Petroleum,366,"Borholla GGS Life Extension Project [BLEP]
(Ministry of Petroleum & Natural Gas)
(709850)","09/2023
(09/2023)","05/2026
(05/2026)","198.7
(198.7)",58.92,40
Assam,Petroleum,367,"DCU Revamp Project
(NRL)
(709864)","08/2021
(08/2021)","07/2024
(06/2026)","370
(370)",271.34,66
Assam,Petroleum,368,"Power Recovery Turbine [PRT] in PFCCU unit as an Energy Conservation Scheme
(NRL)
(709865)","04/2023
(04/2023)","12/2024
(12/2025)","293.5
(293.5)",97.22,97
Assam,Railways,516,"Doubling of New Bonggigaon to Kamakhya via Goalpara - 176 km
(Northeast Frontier Railway [NFR])
(705572)","09/2016
(09/2016)","03/2026
(03/2026)","4060
(4961)",3729.89,93
Assam,Railways,517,"Guwahati-Dibrugarh via Tinsukia & Simaluguri-Dibrugarh
(Central Organisation for Railway Electrification [CORE])
(706922)","09/2020
(09/2018)","09/2020
(06/2024)","890.36
(889.36)",391.73,89
Assam,Railways,518,"Mariani-Jorhat, Tinsukia-Dangri and Makum -TirapTrack Electrification Project
(GM/C/ NFR)
(706940)","09/2018
(01/2022)","05/2024
(-)","183.99
(183.99)",0,0
Assam,Railways,519,"Harmuty-Murkongselek Branch Line Electrification Project
(GM/C/ NFR)
(706942)","09/2018
(01/2022)","05/2024
(-)","237.52
(237.52)",0,0
Assam,Water Resources,788,"Borolia Irrigation Project
(Department of Water Resources, River Development & GR)
(701370)","04/1996
(12/1996)","12/2022
(03/2026)","256.16
(256.16)",44.7,55
Bihar,Civil Aviation,5,"Development of New Civil Enclave at Bihta
(Airport Authority of India [AAI])
(612183)","08/2024
(03/2025)","09/2027
(-)","1413
(1413)",0,1
Bihar,Civil Aviation,6,"Development of New Civil Enclave and associated works at Darbhanga Airport
(Airport Authority of India [AAI])
(612194)","07/2024
(07/2024)","07/2026
(-)","911.66
(911.66)",227.32,43
Bihar,Civil Aviation,7,"Construction of New Domestic Terminal Building [Phase-I and II] and other allied
structures at JPNI Airport, Patna
(Airport Authority of India [AAI])
(701101)","10/2018
(10/2018)","07/2023
(11/2025)","1216.9
(1216.9)",1137.89,96
Bihar,Department of Higher Education,308,"Additional Campus of NITPatna
(NIT Patna)
(606013)","07/2022
(08/2022)","07/2024
(01/2026)","499.21
(499.21)",444.87,97
Bihar,Petroleum,369,"Setting up of LPG Plant with Rail Unloading Facility at Hathua, Dist. Gopalganj, Bihar
(MinistryofPetroleumNaturalGas)
(617304)","10/2023
(10/2023)","03/2027
(03/2027)","340.15
(340.15)",116.08,34
Bihar,Petroleum,370,"Barauni Refinery Capacity Expansion from 6.0 to 9.0 MMTPA
(Ministry of Petroleum & Natural Gas)
(701324)","01/2020
(01/2020)","04/2023
(08/2026)","14810
(16724)",12327.39,88
Bihar,Petroleum,371,"Installation of Bitumen Manufacturing Unit along with allied facilities at Barauni
Refinery
(MinistryofPetroleumNaturalGas)
(709777)","01/2022
(01/2022)","04/2025
(10/2026)","389.35
(340)",77.72,50
Bihar,Petroleum,372,"City Gas Distribution Projects at Darbhanga, Madhubani, Supaul, Sitamarhi and
Sheohar districts
(Bharat Petroleum Corporation Limited [BPCL])
(709792)","12/2022
(12/2022)","03/2030
(03/2030)","3638
(3638)",428.18,29
Bihar,Petroleum,373,"City Gas Distribution Projects at Gopalganj, Siwan, West Champaran, East
Champaran and Deoria districts
(Bharat Petroleum Corporation Limited [BPCL])
(709793)","12/2022
(12/2022)","06/2030
(06/2030)","3919
(3919)",431.68,21
Bihar,Power,154,"Buxar Thermal Power Project [1320 MW]
(Satluj Jal Vidyut Nigam [SJVN] Thermal Limited)
(602579)","03/2019
(06/2019)","01/2024
(12/2025)","10439.09
(13756.6)",12691.85,93
Bihar,Railways,520,"Sakri -Hasanpur [via Harnagar - Kusheshwar Asthan] New Railway line
(East Central Railway [ECR] - I)
(400254)","12/2023
(08/1997)","12/2024
(03/2027)","735.2
(735.2)",588.66,84
Bihar,Railways,521,"Construction of Bulb line at Nabinagar Ankorah of East Central Railway
(East Central Railway [ECR] - I)
(617231)","06/2024
(06/2024)","06/2028
(-)","611.74
(611.74)",0,0
Bihar,Railways,522,"Jhajha-Batai New Line Project
(East Central Railway [ECR] - I)
(617373)","03/2023
(03/2023)","03/2027
(-)","588.18
(588.18)",3.05,0
Bihar,Railways,523,"Bakhtiyarpur-Rajgir-Tilaiya [Single line section]104km
(East Central Railway (ECR) - II)
(617824)","10/2025
(10/2025)","10/2029
(-)","2017.38
(2017.38)",0,0
Bihar,Railways,524,"Khagaria-Kusheshwar Asthan [42Km] new line project
(East Central Railway [ECR] - I)
(705364)","04/2019
(12/1998)","12/2024
(03/2027)","614
(1384.16)",487.99,55
Bihar,Railways,525,"Hajipur-Sagauli New line
(East Central Railway [ECR] - I)
(705366)","10/2007
(10/2004)","03/2020
(12/2026)","2067
(2087)",2015.02,74
Bihar,Railways,526,"Araria Supaul New BG Line
(East Central Railway [ECR] - I)
(705368)","06/2018
(03/2009)","03/2024
(01/2027)","1605
(2514)",1604.02,40
Bihar,Railways,527,"Fatuha-Islampur incl. MM for extn.of NL from Neora to Daniawan , Daniawan to
Biharsharif, Biharsharif to Barbigha , Barbigha to Shekhpura
(East Central Railway [ECR] - I)
(705373)","08/2002
(03/2002)","03/2023
(08/2025)","1473
(2882)",2538.21,95
Bihar,Railways,528,"Jogbani-Biratnagar New Rail Line project
(Indian Railway Construction International Limited [IRCON])
(705450)","06/2010
(01/2011)","03/2022
(12/2026)","402
(486)",367.54,86
Bihar,Railways,529,"Samastipur-Darbhanga Doubling Railway Project
(East Central Railway [ECR] - I)
(705526)","11/2015
(12/2015)","03/2025
(10/2025)","519
(519)",380.73,85
Bihar,Railways,530,"Sagauli-Valmiknagar
(East Central Railway [ECR] - I)
(705527)","03/2018
(03/2017)","12/2025
(12/2025)","1216
(2222)",2074.54,92
Bihar,Railways,531,"Muzaffarpur-Sugauli
(East Central Railway [ECR] - I)
(705528)","03/2018
(03/2017)","06/2024
(02/2026)","1586
(1586)",1471.11,99
Bihar,Railways,532,"Rampur Dumra-Tal-Rajendrapul Additional Bridge and Railway Line Doubling
(Indian Railway Construction International Limited [IRCON])
(706759)","03/2016
(05/2017)","12/2024
(12/2025)","2373.64
(1700.24)",1427.78,97
Bihar,Railways,533,"Barauni-Bachwara [16 km] - 3rd & 4th line incl. Barauni yard remodelling [32 km]
(East Central Railway [ECR] - I)
(706860)","10/2022
(08/2025)","08/2025
(10/2026)","645
(645)",27.98,55
Bihar,Railways,534,"JHAJHA - BATIA
(East Central Railway [ECR] - I)
(900874)","03/2023
(03/2023)","03/2028
(01/2030)","588.18
(588.18)",0.82,0
Bihar,Urban Development,251,"Patna Metro Rail Project
(Patna Metro Rail Corporation Ltd. [PMRCL])
(702627)","02/2019
(02/2019)","02/2024
(06/2027)","13365.77
(13365.8)",4670.21,48
Bihar,Water Resources,275,"Muzaffarpur Storm Water Drainage Phase-I Project
(Ministry of Housing & Urban Affairs)
(702699)","11/2016
(02/2019)","10/2023
(01/2026)","158.78
(158.78)",60.5,83
Bihar,Water Resources,777,"Interception and Diversion and STP works in Bhagalpur under Hybrid annuity based
PPP mode-Namami Gange Programme
(National Mission for Clean Ganga)
(616600)","10/2017
(03/2022)","02/2025
(12/2025)","413.29
(413.29)",126.67,97
Bihar,Water Resources,778,"Sewage Treatment Plant 100MLD and Sewerage Network 288 km in Digha-Patna
under Hybrid annuity based PPP mode-Namami Gange Programme
(National Mission for Clean Ganga)
(616611)","08/2017
(07/2019)","12/2025
(-)","824
(824)",396.71,56
Bihar,Water Resources,779,"Sewage Treatment Plant 50MLD and Sewerage Network 150 km in Kankarbagh-
Patna under Hybrid annuity based PPP mode-Namami Gange Programme
(National Mission for Clean Ganga)
(616612)","08/2017
(07/2019)","12/2025
(-)","578.89
(578.89)",171.79,54
Bihar,Water Resources,780,"Sewer Network, SPS and STP at Begusarai
(National Mission for Clean Ganga)
(616615)","03/2010
(03/2018)","04/2025
(12/2025)","230.06
(230.06)",261.82,97
Bihar,Water Resources,781,"Sewer Networks, SPS and STP at Hajipur
(National Mission for Clean Ganga)
(616616)","03/2010
(03/2018)","06/2025
(12/2025)","305.19
(305.19)",346.46,95
Bihar,Water Resources,789,"Punpun Barrage Project
(Water Resources-BR)
(400104)","04/2007
(04/2007)","12/2019
(03/2026)","571.07
(658.12)",447.68,44
Chhattisgarh,Coal,28,"PORDA CHIMTAPANI OCP [10 MTY]
(South Eastern Coalfields Limited [SECL])
(400144)","12/2020
(12/2020)","03/2029
(-)","2310.12
(2310.12)",88.94,10
Chhattisgarh,Coal,29,"CHHAL OC SEAM III [6 MTY]
(South Eastern Coalfields Limited [SECL])
(400145)","12/2013
(12/2013)","03/2022
(12/2025)","610.63
(610.63)",580.56,85
Chhattisgarh,Coal,30,"BAROUD OC EXPANSION [3.0-10.0M
(South Eastern Coalfields Limited [SECL])
(400149)","08/2020
(08/2020)","03/2029
(-)","2309.8
(2309.8)",939.29,50
Chhattisgarh,Coal,31,"DIPKA EXPANSION OCP [40 MTY]
(South Eastern Coalfields Limited [SECL])
(400354)","12/2020
(12/2020)","03/2029
(-)","5241.4
(5241.4)",2847.64,37
Chhattisgarh,Coal,32,"GEVRA OC [70 MTY]
(South Eastern Coalfields Limited [SECL])
(400424)","03/2016
(03/2016)","03/2023
(03/2027)","11816.4
(11816.4)",6710.57,78
Chhattisgarh,Coal,33,"AMERA OC RCE [1.0 MTY]
(South Eastern Coalfields Limited [SECL])
(613798)","02/2015
(02/2015)","03/2026
(-)","335.97
(335.97)",88.24,42
Chhattisgarh,Coal,34,"AMGAON OC RCE [1.0 MTY]
(South Eastern Coalfields Limited [SECL])
(613799)","07/2015
(07/2015)","03/2026
(-)","316.11
(316.11)",188.72,78
Chhattisgarh,Coal,35,"JAGANNATHPUR OC RCE PROJECT
(South Eastern Coalfields Limited [SECL])
(613800)","07/2016
(07/2016)","03/2025
(03/2026)","459.49
(459.49)",274.35,96
Chhattisgarh,Coal,36,"MAHAMAYA OCP [1.50 MTY]
(South Eastern Coalfields Limited [SECL])
(613801)","05/2018
(05/2018)","03/2026
(03/2028)","410.26
(410.26)",182.83,54
Chhattisgarh,Coal,37,"KATKONA RO UG MINE
(South Eastern Coalfields Limited [SECL])
(615191)","01/2023
(01/2023)","03/2029
(-)","329.21
(329.21)",61.34,2
Chhattisgarh,Coal,38,"PELMA OC MDO
(South Eastern Coalfields Limited [SECL])
(616234)","10/2022
(10/2022)","03/2033
(-)","1725.04
(1725.04)",15.66,40
Chhattisgarh,Coal,39,"KUSMUNDA OC EXPANSION PROJECT
(SECL - CIL)
(617287)","11/2024
(11/2024)","03/2030
(-)","4516.88
(4516.88)",782.97,21
Chhattisgarh,Coal,40,"MANIKPUR OC EXPANSION PROJECT
(South Eastern Coalfields Limited [SECL])
(617288)","01/2025
(01/2025)","03/2029
(-)","382.61
(382.61)",113.03,21
Chhattisgarh,Department of Higher Education,309,"Phase B of Construction of Permanent Campus of IIT Bhilai
(Indian Institute of Technology, Bhilai)
(617877)","05/2025
(06/2025)","10/2028
(-)","1188.97
(1188.97)",0,0
Chhattisgarh,Petroleum,374,"City Gas Distribution [CGD] Project in Kondagaon, Bastar, Sukma, Narayanpur,
Bijapur & Dantewada GA
(Ministry of Petroleum & Natural Gas)
(617819)","06/2022
(06/2022)","06/2030
(06/2030)","557.04
(557.04)",8.33,2
Chhattisgarh,Power,155,"Lara Super Thermal Power Project Stage-II [2 x 800 MW]
(National Thermal Power Corporation [NTPC])
(611930)","08/2023
(08/2023)","06/2028
(-)","15530
(16106)",3131.26,19
Chhattisgarh,Power,156,"Sipat Super Thermal Power Project, Stage-III [1x800 MW]
(National Thermal Power Corporation [NTPC])
(617188)","09/2024
(09/2024)","09/2029
(-)","9791
(9791)",963.88,8
Chhattisgarh,Railways,147,"Dharamjaigarh-Korba
(Railway)
(400203)","05/2018
(03/2017)","12/2026
(08/2026)","1686.22
(1686.22)",439.98,42
Chhattisgarh,Railways,535,"Kharsia-Dharamjaygarh with Spur line [East Corridor-Phase 1]
(Indian Railway Construction International Limited [IRCON])
(400220)","03/2016
(01/2014)","09/2018
(03/2026)","3055
(3438)",2624.33,94
Chhattisgarh,Railways,536,"Doubling of Kirandul-Jagdalpur Line [150 km]
(East Coast Railway [ECoR] - II)
(400291)","02/2013
(03/2013)","03/2020
(12/2025)","1589
(1798)",1576.81,94
Chhattisgarh,Railways,537,"Gauge Conversion of Kendri-Dhamtari including Abhanpur - Rajim Branch line 67.20
Kms - 2nd Material Modification to Raipur Titlagarh doubling.
(SECR)
(602792)","07/2011
(05/2021)","02/2025
(03/2026)","1171
(1171)",377.41,100
Chhattisgarh,Railways,538,"4th line between Nipania Bhatapara 14.4 Km
(South East Central Railway [SECR] - II)
(612815)","12/2022
(05/2024)","03/2027
(-)","170.49
(170.49)",1.34,5
Chhattisgarh,Railways,539,"Dharamjaigarh-Korba 63 km
(CERL)
(613003)","08/2023
(07/2022)","08/2026
(-)","1686.26
(1686.26)",288.83,18.5
Chhattisgarh,Railways,540,"KHARSIA- NAYA RAIPUR-PARMALKASA 5th and 6th Line [278KM]
(CAO/C/SECR)
(617200)","04/2025
(04/2025)","03/2031
(-)","7853.84
(7853.84)",0,0
Chhattisgarh,Railways,541,"Dallirajhara - Rowghat New Rail Line Project, Phase-I
(Rail Vikas Nigam Limited)
(617374)","NA
(11/2009)","03/2025
(02/2026)","1516.45
(1881.26)",2053.12,94
Chhattisgarh,Railways,542,"Dallirajhra- Rowghat New Railway Line - Phase I [95 km]
(Rail Vikas Nigam Limited)
(705433)","07/2009
(12/2009)","09/2025
(12/2025)","1628
(1628)",1440.85,82
Chhattisgarh,Railways,543,"Gevra Road-Pendra Road New Railway Line [135 km]
(Indian Railway Construction International Limited [IRCON])
(705444)","04/2014
(04/2014)","03/2022
(12/2025)","4970
(7448.52)",4696.68,75
Chhattisgarh,Railways,544,"Boridand - Ambikapur Doubling Line Project
(South East Central Railway [SECR] - II)
(706854)","06/2022
(04/2022)","06/2030
(06/2030)","1376
(1576.72)",139.49,21
Chhattisgarh,Railways,545,"4TH LINE - BHATAPARA-HATHBAND [8.8 KM] [PB-72/NR/2022-23]
(SECR)
(709815)","09/2022
(05/2024)","01/2027
(12/2027)","177.03
(177.03)",0,3
Chhattisgarh,Railways,546,"4TH LINE - BHILAI-BHILAI NAGAR [8.8 KM] [PB-72/NR/2022-23]
(SECR)
(709816)","09/2022
(05/2024)","02/2027
(02/2027)","177.34
(177.34)",1.64,6
Chhattisgarh,Railways,547,"4TH LINE - DADHAPARA-BELHA [9.2 KM] [PB-72/NR/2022-23]
(SECR)
(709817)","09/2022
(05/2024)","11/2026
(11/2026)","169.06
(169.06)",18.37,60
Chhattisgarh,Railways,548,"4TH LINE RAJNANDGAON-DONGARHGARH [31.2 KM] [PB-72/NR/2022-23]
(SECR)
(709818)","09/2022
(05/2024)","01/2027
(01/2027)","328.34
(328.34)",57.3,27
Chhattisgarh,Railways,549,"3RD AND 4TH LINE - SARAGBUNDIA AND MADWARANI
(SECR)
(709819)","09/2022
(05/2025)","12/2026
(12/2026)","167.64
(167.64)",0.11,4
Chhattisgarh,Steel,481,"Capacity expansion of Deposit-14 and 14 NMZ at Kirandul
(National Mineral Development Corporation Limited [NMDC])
(615202)","08/2021
(07/2022)","12/2028
(03/2028)","1700
(1756.2)",142.16,7
Chhattisgarh,Steel,482,"Replacement of Hot Leveller No.1 of Plate Mill at Bhilai Steel Plant
(Steel Authority of India Limited [SAIL])
(617243)","07/2024
(08/2024)","07/2026
(-)","198.62
(198.62)",20.98,20
Chhattisgarh,Steel,483,"Replacement of Converter Vessels, Trunnion Rings, Support System & Installation of
Secondary Emission at Bhilai Steel Plant
(Steel Authority of India Limited [SAIL])
(617255)","10/2023
(12/2023)","06/2026
(-)","471.83
(471.83)",161.45,51
Chhattisgarh,Steel,484,"Rebuilding of Coke Oven Battery No.7 & 8 at Bhilai Steel Plant
(Steel Authority of India Limited [SAIL])
(617256)","11/2023
(01/2024)","10/2025
(03/2026)","884.1
(884.1)",530.05,82
Chhattisgarh,Steel,485,"NMDC Slurry Pipeline Project Phase-1
(National Mineral Development Corporation Limited [NMDC])
(706811)","11/2015
(09/2020)","06/2023
(12/2025)","2907
(5427)",3243.55,90
Chhattisgarh,Steel,486,"SCREENING PLANT-III AT KIRANDUL
(National Mineral Development Corporation Limited [NMDC])
(709826)","NA
(10/2021)","01/2026
(-)","2718.84
(2718.84)",1396.9,78
Chhattisgarh,Steel,487,"CONSTRUCTION OF RESIDENTIAL TOWERS AT BIOM KIRANDUL COMPLEX
(National Mineral Development Corporation Limited [NMDC])
(709827)","NA
(10/2022)","12/2025
(-)","349.75
(349.75)",299.39,94
Chhattisgarh,Water Resources,790,"Kelo Irrigation Project
(Water Resources-CT)
(400111)","04/2008
(04/2008)","12/2019
(06/2026)","459.97
(727.04)",616.93,72
Chhattisgarh,Water Resources,791,"Kudali Irrigation Project
(Department of Water Resources, River Development & GR)
(701399)","04/2009
(12/2009)","12/2025
(-)","382.29
(382.29)",239.03,86
"Dadra & Nagar
Haveli and Daman
& Diu",Water Resources,276,"Storm water drainag Development Project
(ministry of housing and urban affairs)
(702355)","08/2020
(12/2021)","03/2024
(-)","210
(210)",0,20
Delhi,Urban Development,248,"Redevelopment of Seven General Pool Residential Accommodation [GPRA] Colonies
in Delhi
(National Buildings Construction Corporation [NBCC])
(400188)","07/2016
(05/2018)","12/2025
(12/2025)","32850
(32850)",0,0
Delhi,Department of Higher Education,310,"Phase 1B - Construction of Academic Block, Hostel, Residential Tower, Directors
Residence and External Development works at National Institute of Technology, Delhi
Campus on Engineering, Procurement and Construction basis
(National Institute of Technology Delhi)
(612851)","09/2009
(11/2022)","09/2025
(01/2026)","333.49
(336.42)",296.45,97
Delhi,Department of Higher Education,311,"Delhi University Eastern Campus at Surajmal Vihar
(Delhi University)
(616886)","09/2024
(03/2025)","10/2026
(-)","373
(373)",28.63,20
Delhi,Health and Family Welfare,449,"Setting up IT Infrastructure including Network Security and Hosting at AIIMS, New
Delhi
(PMSSY AND Institute of NATIONAL Importance)
(617882)","09/2025
(09/2025)","09/2026
(-)","358.19
(358.19)",0,0
Delhi,Health and Family Welfare,450,"Redevelopment of Residential colonies at Ayur Vigyan Nagar and West Ansari Nagar
campuses of AIIMS, New Delhi
(PMSSY AND Institute of NATIONAL Importance)
(617883)","10/2016
(06/2022)","06/2027
(-)","4441
(4441)",24.68,61
Delhi,Railways,550,"Redevelopment of New Delhi Railway Station and construction of associated
infrastructure
(Rail Land Development Authority)
(613785)","01/2023
(06/2024)","12/2028
(-)","4744
(4744)",129.61,1
Delhi,Railways,551,"Development of New Bijwasan Railway Terminal
(Northern Railways)
(617379)","02/2008
(03/2013)","03/2020
(12/2025)","446.21
(446.21)",521.74,80
Delhi,Railways,552,"North Region Video Surveillance Project
(RCIL)
(705298)","06/2020
(04/2023)","03/2024
(-)","274.39
(274.39)",0,0
Delhi,Railways,553,"Anand Vihar-Tilak Bridge 3rd & 4th line
(CAO/C/NR)
(705583)","03/2013
(03/2013)","03/2023
(12/2027)","667
(667)",289.26,63
Delhi,Railways,554,"Provision of Work-site Tampers [WST] Railway Project
(EDTK[MC]/RB)
(705694)","01/2016
(01/2016)","12/2023
(01/2026)","187.72
(187.72)",141.91,100
Delhi,Railways,555,"WST Machine Procurement Project
(EDTK[MC]/RB)
(705708)","06/2018
(06/2018)","03/2024
(12/2027)","176
(176)",0,0
Delhi,Railways,556,"PCT Machine Procurement Project
(EDTK[MC]/RB)
(705710)","04/2019
(04/2019)","04/2024
(06/2027)","336
(336)",74.32,85
Delhi,Railways,557,"RBMV Machine Procurement Project
(EDTK[MC]/RB)
(705712)","10/2019
(10/2019)","06/2024
(12/2027)","480
(480)",20.65,27
Delhi,Railways,558,"SRGM Machine Procurement Project
(EDTK[MC]/RB)
(705717)","10/2019
(10/2019)","12/2023
(03/2026)","440
(440)",390.03,90
Delhi,Railways,559,"WST Machine Procurement Project
(EDTK[MC]/RB)
(705720)","12/2019
(12/2019)","04/2024
(12/2026)","384
(384)",0,0
Delhi,Railways,560,"DTS Machine Procurement Project
(EDTK[MC]/RB)
(705721)","12/2019
(12/2019)","12/2024
(12/2030)","447.6
(447.6)",0,0
Delhi,Railways,561,"BRM Machine Procurement Project
(EDTK[MC]/RB)
(705722)","09/2019
(09/2019)","06/2024
(12/2027)","210
(210)",0.02,0
Delhi,Railways,562,"Track Machine Procurement Project
(EDTK[MC]/RB)
(705726)","04/2020
(04/2020)","03/2025
(01/2028)","6339
(6339)",4201.26,62
Delhi,Telecommunications,762,"SETTING UP OF PHYSICAL INFRASTRUCTURE FOR THE NATIONAL INSTITUTE
OF COMMUNICATION FINANCE [NICF] AT GHITORNI
(National Communication Academy - Finance (Erstwhile NICF))
(709859)","10/2014
(04/2018)","02/2020
(10/2025)","248.2
(248.2)",236.91,98
Delhi,Urban Development,252,"Delhi Metro Rail Phase-IV [2 Corridors]
(Delhi Metro Rail Corporation Limited [DMRC])
(617207)","03/2024
(03/2024)","03/2029
(-)","8399.81
(8399.81)",55.92,0
Delhi,Urban Development,253,"DMRTS Phase - IV [3 Priority Corridors]
(Delhi Metro Rail Corporation Limited [DMRC])
(702632)","07/2019
(07/2019)","03/2025
(03/2026)","24948.65
(24948.7)",18022.09,73
Goa,Civil Aviation,8,"Goa Airport Terminal Building Extension Project
(Airport Authority of India [AAI])
(701105)","11/2017
(12/2019)","12/2021
(01/2026)","255.69
(255.69)",154.3,97
Gujarat,Civil Aviation,9,"Development of Dholera International Greenfield Airport , Gujarat
(Airport Authority of India [AAI])
(701126)","06/2022
(07/2022)","06/2026
(06/2026)","1305
(1551)",739.77,68
Gujarat,Department of Higher Education,312,"Construction of permanent campus of Central University of Gujarat at Village
kundhela, Dist. Vadodara, Gujarat.
(Central University of Gujarat)
(612916)","12/2020
(02/2021)","03/2025
(03/2026)","490.63
(490.63)",314.51,81
Gujarat,Health and Family Welfare,456,"C/o Construction of 200 bedded [Up-gradable to 300 bedded] ESI Hospital at Surat
Gujarat.
(Employee's State Insurance Company [ESIC])
(612185)","06/2019
(03/2021)","06/2025
(01/2026)","209.36
(209.36)",185.96,98
Gujarat,Health and Family Welfare,457,"350 Bedded [Upgradable to 500 beds] ESI Hospital at Sanand
(Employee's State Insurance Company [ESIC])
(612186)","06/2022
(04/2023)","03/2026
(05/2027)","558.12
(558.12)",60.66,8
Gujarat,Health and Family Welfare,458,"Demolition, Construction and upgradation of ESI Hospital, Kalol, Gujarat from 50 beds
to 150 beds.
(Employee's State Insurance Company [ESIC])
(612211)","08/2022
(10/2023)","10/2025
(06/2026)","205.87
(205.87)",31.49,18
Gujarat,Health and Family Welfare,480,"National Maritime Heritage Complex [NMHC] Phase-I
(Indian Port Rail & Ropeway Corporation Ltd. [IPRCL])
(707215)","02/2019
(01/2022)","03/2024
(09/2025)","573
(1238.05)",515.97,70
Gujarat,Petroleum,339,"Capacity Augmentation of Kandla LPG Import Terminal [KLIT] from 0.6 MMTPA to 2.5
MMTPA
(Ministry of Petroleum & Natural Gas)
(617839)","05/2023
(05/2023)","07/2026
(-)","356.86
(356.86)",12.6,51
Gujarat,Petroleum,375,"Redevelopment of Sobhasan Complex
(Oil and Natural Gas Corporation Limited [ONGC])
(400087)","08/2021
(08/2021)","02/2026
(02/2026)","885.63
(1286.67)",876.84,80
Gujarat,Petroleum,376,"Redevelopment of Santhal Field [Onshore-Mehsana Asset]
(Oil and Natural Gas Corporation Limited [ONGC])
(400167)","02/2017
(02/2017)","03/2026
(03/2026)","1162.56
(1162.56)",1140.98,95
Gujarat,Petroleum,377,"Redevelopment of Linch Field
(Oil and Natural Gas Corporation Limited [ONGC])
(400169)","04/2021
(04/2021)","03/2025
(03/2026)","631.03
(860.04)",572.91,87
Gujarat,Petroleum,378,"Petrochemical and Lube Integration Project at Gujarat Refinery
(Ministry of Petroleum & Natural Gas)
(701329)","09/2020
(09/2020)","08/2024
(06/2026)","18936
(17825)",12940.13,85
Gujarat,Petroleum,379,"Installation of new Biturox Unit along with allied facilities at Gujarat Refinery
(MinistryofPetroleumNaturalGas)
(709778)","01/2022
(01/2022)","08/2025
(09/2026)","328.29
(287)",172.32,67
Gujarat,Petroleum,380,"Commercial Polymer Flooding Project in Bechraji field
(Oil and Natural Gas Corporation Limited [ONGC])
(709838)","01/2022
(01/2022)","11/2024
(05/2027)","621.4
(739.02)",137.74,24
Gujarat,Petroleum,381,"Restoration of Gas Terminal, Phase-I [Part-A], Hazira
(Oil and Natural Gas Corporation Limited [ONGC])
(709840)","05/2022
(05/2022)","02/2025
(12/2025)","249.43
(249.43)",210.42,95
Gujarat,Petroleum,382,"Old Pipe Line Replacement [OPRP] Group-A
(Oil and Natural Gas Corporation Limited [ONGC])
(709841)","07/2021
(07/2021)","07/2025
(03/2026)","173.03
(169.84)",154.84,89
Gujarat,Petroleum,383,"Kalol Redevelopment Project, Ahmedabad Asset
(Oil and Natural Gas Corporation Limited [ONGC])
(709842)","08/2022
(08/2022)","03/2027
(03/2027)","1487.41
(1487.41)",937.75,62
Gujarat,Petroleum,384,"Revamping of SV Stations, Gas Terminal & Kribhco Terminal
(Oil and Natural Gas Corporation Limited [ONGC])
(709845)","11/2022
(11/2022)","08/2026
(08/2026)","837.34
(837.34)",301.21,57
Gujarat,Power,141,"50 MW Wind Power Project
(NLC India Limited [NLCIL])
(617299)","07/2022
(01/2024)","06/2025
(01/2026)","383.84
(383.84)",319.71,47
Gujarat,Power,142,"600 MW Khavda Solar Power Project
(NLC India Limited [NLCIL])
(617730)","08/2023
(06/2024)","06/2026
(-)","3335.85
(3335.85)",738.34,22
Gujarat,Power,157,"Bagodara Solar Power Project
(Satluj Jal Vidyut Nigam [SJVN] Thermal Limited)
(709747)","03/2021
(05/2021)","12/2025
(12/2025)","339.35
(339.35)",317.59,51
Gujarat,Railways,563,"Kosamba Umarpada 70 Km
(PCE/WR)
(611918)","07/2023
(07/2022)","03/2027
(-)","468
(468)",20.28,8
Gujarat,Railways,564,"Adraj Moti Vijapur 40 Kms
(Western Railway (WR) - II)
(611937)","05/2022
(05/2022)","05/2026
(12/2025)","417.53
(417.53)",502.23,90
Gujarat,Railways,565,"New Broad Gauge line between Naliya to Jakhau Port
(Western Railway (WR) - II)
(611943)","02/2023
(02/2023)","01/2028
(01/2028)","410.26
(410.26)",7,5
Gujarat,Railways,566,"Quadrupling between Gandhidham Adipur with Y connection at Adipur for providing
direct entry towards Mundra Port and Bhuj and high level platform at Gopalpur 11Kms
(Western Railway (WR) - II)
(611944)","02/2023
(02/2023)","03/2026
(01/2026)","152.44
(152.44)",102.65,85
Gujarat,Railways,567,"Petlad Bhadran 23 Kms
(Western Railway)
(611945)","05/2022
(05/2022)","05/2030
(05/2030)","307.11
(307.11)",13.59,17
Gujarat,Railways,568,"Samlaya Timba Road 54 km
(PCE/WR)
(611970)","02/2023
(02/2023)","03/2030
(03/2030)","670.17
(670.17)",45.02,12
Gujarat,Railways,569,"Samni Jambusar 24 km
(PCE/WR)
(611971)","05/2022
(05/2022)","03/2030
(03/2030)","350
(349.93)",67.73,31
Gujarat,Railways,570,"Western Railway Samakhiali Gandhidham Quadrupiling 53 Kms
(Western Railway (WR) - II)
(611974)","08/2023
(08/2023)","12/2026
(06/2027)","1430
(1430)",230.24,21
Gujarat,Railways,571,"Dahod Creation of Infrastructure facilities for 9000 HP Electric locomotives
Manufacturing at
(PCE/WR)
(611977)","05/2022
(02/2023)","02/2025
(-)","487
(487)",108.69,0
Gujarat,Railways,572,"Dahod Rolling Stock Workshop Provision of Infrastructure for CBS at
(PCE/WR)
(611978)","11/2022
(03/2023)","03/2025
(-)","158
(158)",47.31,0
Gujarat,Railways,573,"Sabarmati Setting up of Maintenance Facilities for Train Sets Phase ii
(Western Railway (WR) - II)
(611979)","01/2023
(04/2023)","06/2025
(03/2026)","250
(250)",103.21,60
Gujarat,Railways,574,"4th LINE BETWEEN BAREJADI NANDEJ-SANAND-AHMEDABAD BYPASS
(Western Railway (WR) - II)
(612072)","02/2023
(02/2023)","03/2027
(07/2028)","961.67
(961.67)",359.61,18
Gujarat,Railways,575,"Redevelopment of Ahmedabad railway station and associated infrastructure on
engineering, procurement and construction mode
(Rail Land Development Authority)
(613786)","01/2023
(11/2023)","03/2028
(-)","2379
(2379)",753.62,22
Gujarat,Railways,576,"Miyagam-Karjan-Dabhoi-Samlaya [GC]
(Western Railway [WR] - II)
(705458)","01/2017
(01/2017)","03/2021
(12/2026)","483.88
(1039.13)",621.61,41
Gujarat,Railways,577,"Modasa-Shamlaji Road Railway Line Project
(Western Railway (WR) - II)
(706757)","09/2012
(04/2008)","03/2025
(03/2027)","262
(262)",337.67,63
Gujarat,Railways,578,"Rajkot - Kanalus Doubling Project [111.2 Kms]
(Western Railway (WR) - II)
(706763)","10/2021
(12/2021)","10/2026
(10/2026)","1080.58
(1080.58)",829.85,80
Gujarat,Railways,579,"NADIAD-PETLAD [37.26 KM]
(Railway)
(709812)","05/2022
(10/2023)","06/2030
(06/2030)","461.91
(461.91)",93.31,8
Gujarat,Railways,580,"NEW BG LINE INTERSECTION [5 NOS] BETWEEN GERATPUR-SANAND &
BOTAD-AHMEDABAD [16.51 KM]
(Western Railway (WR) - II)
(709813)","10/2022
(07/2025)","06/2028
(10/2027)","437.21
(437.21)",19.37,18
Gujarat,Road Transports and Highways,185,"Transmission scheme for evacuation of 4.5GW RE injection at Khavda PS under
Phase II- Part C
(Power Grid Corporation of India Limited [POWERGRID])
(611657)","03/2023
(03/2023)","03/2025
(12/2025)","2820.99
(2820.99)",2783.19,95
Gujarat,Road Transports and Highways,186,"Transmission system for Evacuation of Additional 7 GW RE power from Khavda RE
park under Phase-III Part B [Vataman Transmission Limited]
(Power Grid Corporation of India Limited [POWERGRID])
(612139)","12/2023
(12/2023)","12/2025
(12/2026)","3751.82
(3751.82)",2025.98,32
Gujarat,Road Transports and Highways,187,"Transmission System for Evacuation of Power from potential Renewable Energy zone
in Khavda Area of Gujarat under Phase IV [7 GW] Part E3
(Power Grid Corporation of India Limited [POWERGRID])
(612151)","07/2023
(07/2023)","07/2025
(03/2026)","334
(334)",207.08,78
Gujarat,Road Transports and Highways,188,"Transmission System for Evacuation of Power from Potential Energy Renewable Zone
in Khavda Area of Gujarat under Ph-IV [7GW] Part E2
(Power Grid Corporation of India Limited [POWERGRID])
(612855)","05/2024
(05/2024)","05/2026
(06/2026)","679
(679)",142.59,30
Gujarat,Road Transports and Highways,189,"Augmentation of Transformation Capacity at jam Khambhaliya PS [GIS] [SPV Name
POWERGRID Jam Khambhaliya Transmission Limited]
(Power Grid Corporation of India Limited [POWERGRID])
(615342)","10/2024
(10/2024)","07/2026
(-)","329
(329)",13.17,3
Gujarat,Road Transports and Highways,190,"Provision of Dynamic Reactive Compensation at Khavda pooling Station 1 [KPS1] and
Khavda Pooling station 3 [KPS3]
(Power Grid Corporation of India Limited [POWERGRID])
(615343)","11/2024
(11/2024)","11/2026
(-)","501
(501)",8.11,2
Gujarat,Road Transports and Highways,191,"Transmission System for Evacuation of Power from Potential Renewable Energy Zone
in Khavda area of Gujarat under Phase-IV [7GW] Part B [SPV Name POWERGRID
South Olpad Transmission Limited]
(Power Grid Corporation of India Limited [POWERGRID])
(615345)","10/2024
(10/2024)","10/2026
(03/2027)","4766
(4766)",762.56,10
Gujarat,Road Transports and Highways,192,"Augmentation of Transformation Capacity at KPS1 [GIS] and KPS2 [GIS] [Phase-V
Part B1 and Part B2 Scheme] [SPV Name- POWERGRID KPS1 and 2 Augmentation
Transmission Limited]
(Power Grid Corporation of India Limited [POWERGRID])
(617069)","02/2025
(02/2025)","02/2027
(-)","466
(466)",23.99,1
Gujarat,Road Transports and Highways,193,"Augmentation of Banaskantha [Raghanesda] PS [GIS] [POWERGRID Banaskantha
Transco Limited]
(Power Grid Corporation of India Limited [POWERGRID])
(617182)","03/2025
(03/2025)","03/2027
(-)","172
(172)",17.27,18
Gujarat,Road Transports and Highways,194,"Augmentation of Transformation Capacity at Bhuj-II PS [GIS]
(Power Grid Corporation of India Limited [POWERGRID])
(617391)","02/2025
(02/2025)","11/2026
(03/2027)","488.29
(488.29)",0.22,0
Gujarat,Road Transports and Highways,195,"Jamnagar Transmission Limited
(Adani Transmission Limited)
(617405)","NA
(10/2024)","10/2026
(-)","4000
(4000)",0,0
Gujarat,Road Transports and Highways,196,"Provision of ICT Augmentation & Bus Reactor at Bhuj-II PS
(Power Grid Corporation of India Limited [POWERGRID])
(617801)","03/2025
(03/2025)","12/2026
(03/2027)","581.74
(581.74)",0.2,0
Gujarat,Shipping and Ports,471,"Development of Container Terminal at Tuna-Tekra, Deendayal Port on BOT Basis
Under PPP Mode
(Deendayal Port Trust)
(609424)","10/2022
(03/2024)","03/2027
(-)","4243.64
(4243.64)",817.98,34
Gujarat,Shipping and Ports,472,"Construction of oil jetty No.8 at old kandla through internal resources
(Deendayal Port Trust [DPT])
(701568)","02/2018
(02/2021)","02/2023
(07/2024)","100
(225.85)",186.47,90
Gujarat,Shipping and Ports,473,"Replacement and revamping of pipeline projects in oil jetty area, Kandla
(Deendayal Port Trust [DPT])
(701570)","09/2021
(09/2021)","09/2023
(03/2025)","171
(211.61)",137.51,71
Gujarat,Urban Development,249,"Rehablitation in Junavadaj Area Smart City Project
(ministry of housing and urban affairs)
(701719)","02/2016
(06/2016)","07/2022
(-)","539
(539)",39.63,50
Gujarat,Urban Development,254,"Surat Metro Rail Project
(Gujarat Metro Rail Corporation Limited [GMRCL])
(702630)","03/2019
(04/2019)","03/2024
(06/2026)","12020.32
(12020.3)",8040.59,73
Gujarat,Urban Development,255,"Ahmedabad Metro Rail Project, Phase-II
(Gujarat Metro Rail Corporation Limited [GMRCL])
(702631)","03/2019
(03/2019)","03/2024
(12/2025)","5384.17
(5384.17)",4332.87,93
Gujarat,Urban Development,256,"Ahmedabad Metro Rail Project [Phase-I]
(Gujarat Metro Rail Corporation Limited [GMRCL])
(702639)","11/2014
(02/2015)","03/2018
(01/2026)","10773
(12924.5)",12216.37,99
Gujarat,Water Resources,277,"Upgradation of Sewerage system in Gandhinagar City
(ministry of housing and urban affairs)
(707267)","07/2020
(03/2021)","06/2023
(-)","200
(200)",100,10
Gujarat,Water Resources,792,"Sardar Sarovar CADWM Project
(Narmada and Water Resources, Water Supply and Kalpsar Department-GJ)
(400097)","04/2017
(04/2017)","12/2019
(03/2026)","5021.76
(6670.31)",4957.08,90
Gujarat,Water Resources,793,"Sardar Sarovar Project
(Narmada and Water Resources, Water Supply and Kalpsar Department-GJ)
(701372)","04/1996
(04/1996)","12/2019
(03/2026)","20718.17
(33412.5)",31860.86,93
Haryana,Health and Family Welfare,451,"AIIMS Majra Rewari Haryana
(PMSSY AND Institute of NATIONAL Importance)
(701173)","02/2019
(02/2019)","12/2026
(12/2026)","1299
(1646.43)",349.41,45
Haryana,Petroleum,385,"Indian Oil Technology Development and Deployment Centre at R&D Campus-II,
Faridabad
(Ministry of Petroleum & Natural Gas)
(604853)","06/2019
(06/2019)","12/2022
(10/2026)","2281.94
(3200)",1850.35,64
Haryana,Petroleum,386,"Poly Butadiene Rubber plant at Panipat
(Indian Oil Corporation Limited [IOCL])
(611917)","03/2022
(03/2022)","03/2025
(06/2026)","1459
(2531.44)",1418.65,77
Haryana,Petroleum,387,"Capacity Expansion of Panipat Refinery from 15 to 25 MMTPA
(Ministry of Petroleum & Natural Gas)
(701289)","02/2021
(02/2021)","09/2024
(06/2026)","34627
(36225)",27366.2,91
Haryana,Petroleum,388,"Installation of Multiple Effect Evaporator [MEE] for ETP-1, 2 & 4 of Panipat Refinery
and Petrochemical Complex.
(MinistryofPetroleumNaturalGas)
(709783)","12/2020
(12/2020)","06/2023
(06/2026)","165.13
(247.69)",143.78,77
Haryana,Railways,581,"Bhiwani - Dobh Bahali Doubling Project [42.30 Km]
(North Western Railway [NWR])
(611884)","02/2023
(02/2023)","02/2028
(02/2028)","471
(471)",219.67,66
Haryana,Road Transports and Highways,197,"Implementation of LILO of both circuits of 400KV vindhyachal PS-Sasan D/C Line at
Hindalco Switchyard
(Power Grid Corporation of India Limited [POWERGRID])
(617272)","06/2024
(06/2024)","12/2026
(-)","370
(370)",22.2,6
Haryana,Water Resources,278,"Sewerage Management Scheme Part-3 Implementation
(Ministry of Housing & Urban Affairs)
(702734)","03/2017
(11/2017)","09/2023
(03/2026)","278.01
(278.01)",218.89,88
Haryana,Water Resources,279,"Sewerage Management Scheme Part-3 Implementation
(Ministry of Housing & Urban Affairs)
(702735)","03/2017
(10/2018)","03/2023
(01/2026)","213.19
(213.19)",168.14,91
Himachal Pradesh,Department of Higher Education,313,"Establishment of Permanent campus Phase 1 of IIM Sirmaur
(Indian Institute of Management, Sirmaur)
(602099)","09/2018
(08/2020)","10/2023
(02/2026)","392.51
(454.78)",327.78,94
Himachal Pradesh,Department of Higher Education,314,"Hostel blocks & dining hall block
(Indian Institute of Technology, Mandi)
(612128)","03/2023
(03/2024)","03/2026
(03/2026)","166.66
(166.66)",85.92,75
Himachal Pradesh,Department of Higher Education,315,"Construction of Permanent Campus of Central University of Himachal Pradesh at
Dehra, District - Kangra, [H.P.] on Engineering. Procurement and Construction [EPC
Mode 1] Basis.
(Central University, Himachal Pradesh)
(612894)","03/2021
(08/2022)","11/2024
(11/2025)","251.98
(300.45)",183.56,81
Himachal Pradesh,Power,158,"Dhaulasidh Hydro Electric Project [66 MW]
(Satluj Jal Vidyut Nigam [SJVN] Thermal Limited)
(602582)","10/2020
(05/2021)","11/2025
(03/2027)","687.97
(1561.21)",997.55,71
Himachal Pradesh,Power,159,"Luhri Stage-I Hydro Electric Project [210 MW]
(Satluj Jal Vidyut Nigam [SJVN] Thermal Limited)
(602593)","11/2020
(11/2020)","01/2026
(02/2030)","1810.56
(4681.64)",1818.61,51
Himachal Pradesh,Power,160,"382 MW Sunni Dam HEP
(Satluj Jal Vidyut Nigam [SJVN] Thermal Limited)
(602633)","NA
(04/2018)","03/2027
(-)","2615
(2615)",495.57,0.5
Himachal Pradesh,Power,161,"Sunni Dam Hydro Electric Project [382 MW]
(Satluj Jal Vidyut Nigam [SJVN] Thermal Limited)
(611586)","01/2023
(01/2023)","04/2028
(12/2029)","2614.51
(4540.71)",1015.36,30
"Jammu and
Kashmir",Civil Aviation,10,"Construction of NTB complex including apron, taxi track and other associated civil
works and electrical & mechanical installations towards Tawi River side at CA Jammu.
(Airport Authority of India [AAI])
(611047)","07/2022
(07/2023)","06/2026
(06/2026)","861.37
(861.37)",229.1,39
"Jammu and
Kashmir",Department of Higher Education,316,"Construction of Permanent Campus for IIM Jammu Phase-1 at Jagti, Nagrota,
Jammu, J&K
(Indian Institute of Management, Jammu)
(602098)","03/2019
(10/2020)","06/2023
(11/2025)","424.93
(500.91)",484.52,96
"Jammu and
Kashmir",Health and Family Welfare,452,"AIIMS Kashmir at Awantipora Jammu & Kashmir
(PMSSY AND Institute of NATIONAL Importance)
(701167)","01/2019
(03/2019)","12/2025
(06/2026)","1828
(2160.84)",1354.55,2
"Jammu and
Kashmir",Health and Family Welfare,459,"Construction of 100 bedded ESIC Hospital & 32 nos. of Staff qtrs at OMPURA J&K.
(Employee's State Insurance Company [ESIC])
(612239)","09/2019
(12/2021)","09/2024
(12/2025)","131.05
(164.93)",162.05,99
"Jammu and
Kashmir",Petroleum,340,"Setting up a common user Petroleum Terminal at Jammu, J&K for resitement of
existing PSU OMC's Depots from Jammu City
(Bharat Petroleum Corporation Limited [BPCL])
(400235)","04/2023
(04/2023)","03/2025
(01/2026)","676.89
(715.89)",559.45,87
"Jammu and
Kashmir",Petroleum,389,"City Gas Distribution Project at Jammu, Udhampur, Reasi, Samba and Kathua
Districts
(MinistryofPetroleumNaturalGas)
(709773)","03/2022
(03/2022)","03/2032
(03/2032)","538
(538)",4.11,0
"Jammu and
Kashmir",Power,162,"Pakal Dul [Drangdhuran] Hydroelectric Project, 1000 MW
(National Hydroelectric Power Corporation Limited [NHPC])
(602525)","10/2014
(02/2018)","04/2020
(12/2026)","8112.12
(12728)",7785.72,76
"Jammu and
Kashmir",Power,163,"Kiru HE Project
(National Hydroelectric Power Corporation Limited [NHPC])
(602532)","03/2019
(02/2020)","09/2023
(12/2026)","4287.59
(5409)",3186.98,73
"Jammu and
Kashmir",Power,164,"Ratle HE Project - 850 MW, Ratle Hydroelectric Power Corporation Limited.
(National Hydroelectric Power Corporation Limited [NHPC])
(602535)","02/2021
(01/2022)","02/2026
(11/2028)","5281.94
(5281.94)",1298.42,26
"Jammu and
Kashmir",Power,165,"Kwar HE Project
(National Hydroelectric Power Corporation Limited [NHPC])
(605155)","05/2022
(11/2022)","11/2026
(03/2028)","4526.12
(4526.12)",1140.08,25
"Jammu and
Kashmir",Road Transports and Highways,198,"Transmission Scheme for evacuation of Power from Ratle HEP [850 MW] & kiru [624
MW] Part B
(Power Grid Corporation of India Limited [POWERGRID])
(617179)","07/2024
(07/2024)","07/2026
(03/2027)","218.6
(218.6)",2.61,0
Jharkhand,Coal,41,"HURA C OCP
(ECL - CIL)
(400018)","08/2022
(08/2022)","03/2029
(-)","859.41
(859.41)",451.93,62
Jharkhand,Coal,42,"KONAR EXPANSION OCP
(Ministry of Coal)
(400073)","01/2022
(01/2022)","03/2032
(-)","799.34
(799.34)",429.65,45
Jharkhand,Coal,43,"KARO EXPANSION OCP
(Ministry of Coal)
(400074)","01/2022
(01/2022)","03/2029
(-)","908.47
(908.47)",269.26,22
Jharkhand,Coal,44,"SANGHMITRA OC
(Ministry of Coal)
(400136)","03/2024
(03/2024)","03/2032
(-)","2660
(2660)",6.59,11
Jharkhand,Coal,45,"CHANDRAGUPT OCP
(Ministry of Coal)
(400138)","08/2020
(08/2020)","03/2032
(-)","973.5
(973.5)",440.75,24
Jharkhand,Coal,46,"KOTRE BASANTPUR PACHMO OCP
(Ministry of Coal)
(400139)","08/2020
(08/2020)","03/2032
(-)","861.06
(625.4)",455.95,42
Jharkhand,Coal,47,"Pachwara South Coal Block
(NLC India Limited [NLCIL])
(400142)","03/2016
(11/2019)","09/2028
(-)","2242.9
(2242.9)",1231.67,74
Jharkhand,Coal,48,"RPR MAGADH EXP OCP
(Ministry of Coal)
(400150)","08/2020
(08/2020)","03/2028
(-)","7254.37
(7254.37)",1600.77,38
Jharkhand,Coal,49,"NORTH URIMARI EXPANSION OCP
(Ministry of Coal)
(400151)","07/2021
(07/2021)","03/2029
(-)","778.8
(778.8)",696.05,67
Jharkhand,Coal,50,"EPR ROHINI - KARKETTA OCP
(Ministry of Coal)
(400153)","01/2021
(01/2021)","03/2028
(-)","1020.42
(1020.42)",84.74,21
Jharkhand,Coal,51,"EPR PUNDI OCP
(Ministry of Coal)
(400154)","11/2020
(11/2020)","03/2027
(-)","713.35
(713.35)",236.58,10
Jharkhand,Coal,52,"EPR ASHOK OC
(Ministry of Coal)
(400155)","05/2021
(05/2021)","03/2031
(-)","2898.28
(2898.28)",185.06,24
Jharkhand,Coal,53,"EPR AMRAPALI OCP
(Ministry of Coal)
(400156)","02/2020
(02/2020)","03/2028
(-)","5136.15
(5136.15)",1189.84,42
Jharkhand,Coal,54,"RAJRAPPA RCE OCP
(Ministry of Coal)
(400160)","12/2009
(12/2009)","03/2016
(03/2027)","510.85
(510.85)",488.69,76
Jharkhand,Coal,55,"CHITRA EAST OC
(Eastern Coal Fields Limited [ECL])
(400172)","08/2018
(08/2018)","03/2026
(03/2028)","513.99
(513.99)",230.12,51
Jharkhand,Coal,56,"JHARKHAND-LAIYO OCP
(Ministry of Coal)
(400352)","08/2020
(08/2020)","03/2031
(-)","764.57
(764.57)",145.81,29
Jharkhand,Coal,57,"MOONIDIH XV SEAM UG
(Ministry of Coal)
(400425)","08/2011
(08/2011)","03/2019
(05/2026)","1230.27
(1230.27)",633.27,82
Jharkhand,Coal,58,"2.5 MTPA PATHERDIH NLW WASHERY
(Ministry of Coal)
(611017)","10/2015
(04/2016)","04/2018
(03/2026)","334.27
(334.27)",148.72,48
Jharkhand,Coal,59,"AMALAGAMATED NTST KUJAMA OCP 8.5MTY
(Ministry of Coal)
(611864)","01/2023
(01/2023)","03/2030
(-)","4011.85
(4011.85)",414.41,28
Jharkhand,Coal,60,"MURAIDIH UG PROJECT
(Ministry of Coal)
(613808)","02/2011
(02/2011)","04/2014
(12/2026)","339.87
(339.87)",191,70
Jharkhand,Coal,61,"TAPIN SOUTH EXPN
(Ministry of Coal)
(615349)","11/2020
(11/2020)","03/2028
(-)","230.41
(230.41)",22.02,20
Jharkhand,Coal,62,"SIRKA OC
(Ministry of Coal)
(615822)","05/2020
(05/2020)","03/2028
(-)","222.82
(222.82)",140.58,53
Jharkhand,Coal,63,"TETARIAKHAR OC
(Ministry of Coal)
(615843)","11/2019
(11/2019)","03/2025
(03/2027)","243.52
(243.52)",49.54,29
Jharkhand,Coal,64,"CHUPERBHITA SIMLONG OCP MDO 6
(Eastern Coal Fields Limited [ECL])
(616225)","12/2023
(12/2023)","03/2037
(-)","979.08
(979.08)",0,0
Jharkhand,Coal,65,"JARANGDIH EXPN. OCP 1.5 MTY
(CCL - CIL)
(616236)","02/2020
(02/2020)","03/2029
(-)","414.37
(414.37)",85.6,32
Jharkhand,Coal,66,"BLOCK E OCP
(Ministry of Coal)
(616253)","03/2024
(03/2024)","03/2029
(-)","5850.83
(5850.83)",20.32,3
Jharkhand,Coal,67,"Revised Jharia Master Plan for Dealing with Fire, Subsidence & Rehabilitation of
affected families in Jharia Coalfield- Reg.
(Bharat Coking Coal Limited (BCCL))
(617416)","06/2025
(07/2025)","12/2028
(-)","5940.47
(5940.47)",1.31,12
Jharkhand,Coal,149,"Tubed Coal Mine
(Damodar Valley Corporation)
(400192)","07/2016
(10/2016)","05/2026
(05/2026)","1581
(1581)",598.62,36
Jharkhand,Coal,150,"Badam Coal Mining project of NTPC
(National Thermal Power Corporation [NTPC])
(603293)","02/2019
(09/2019)","12/2056
(04/2027)","502
(784)",388.29,59
Jharkhand,Petroleum,390,"Development of Jharia CBM Block [Phase-1]
(Oil and Natural Gas Corporation Limited [ONGC])
(610984)","11/2019
(11/2019)","01/2024
(03/2026)","431
(431)",227,61
Jharkhand,Petroleum,391,"Laying of Natural Gas Pipeline from Hazaribagh to Ranchi [HRPL]
(MinistryofPetroleumNaturalGas)
(709785)","02/2023
(02/2023)","02/2026
(02/2026)","202.07
(202.07)",61.67,50
Jharkhand,Power,166,"Patratu Thermal Power Station Expansion Project Phase-I [3x800 MW]
(National Thermal Power Corporation [NTPC])
(400261)","11/2017
(11/2017)","03/2023
(11/2026)","18668
(20302)",17928.61,86
Jharkhand,Power,167,"Koderma Thermal Power Station Phase II [2X800 MW] At Koderma, Jharkhand
(Damodar Valley Corporation)
(611509)","04/2023
(11/2024)","03/2029
(-)","14358
(14358)",1450.04,4
Jharkhand,Railways,148,"Shivpur-Kathautia New Rail [BG] Line [49 km] [Package II of Tori-Shivpur-Kathautia
line]
(Ministry of Coal)
(400416)","02/2018
(05/2022)","06/2025
(06/2026)","1799.64
(2564.34)",1489.74,64
Jharkhand,Railways,582,"Doubling between Pradhankunta-Patherih-Bhojudih of East Central Railway
(East Central Railway [ECR] - I)
(617372)","11/2022
(11/2022)","12/2025
(-)","349.22
(349.22)",108.89,70
Jharkhand,Railways,583,"Koderma-Arigada Doubling 133.38 Km of East Central Railway
(East Central Railway [ECR] - I)
(617832)","06/2025
(06/2025)","12/2029
(-)","2887.11
(2887.11)",0,0
Jharkhand,Railways,584,"Gomoh - Flyover for DN trains
(East Central Railway [ECR] - I)
(705765)","01/2018
(01/2018)","03/2026
(03/2026)","686
(686)",578.93,59
Jharkhand,Railways,585,"Lodhma - Piska - Link Line bypassing Hatia/Ranchi with Y connection
(South Eastern Railway [SER] - I)
(705785)","08/2021
(03/2019)","06/2026
(05/2027)","473
(473)",288.72,5
Jharkhand,Railways,586,"Pradhan Kuntha Jn Line Doubling Project
(East Central Railway [ECR] - I)
(706837)","11/2022
(11/2022)","11/2027
(11/2027)","349.22
(349.22)",108.89,62
Jharkhand,Road Transports and Highways,199,"Implementation of Transmission Systems in the State of Jharkhand consisting of
400/220/132/33 kV transmission lines and substations under Jharkhand Consultancy
Project
(Power Grid Corporation of India Limited [POWERGRID])
(617326)","02/2012
(02/2012)","03/2026
(-)","1842.25
(1842.25)",1648.05,95
Jharkhand,Steel,488,"New Sinter Plant at BSL, SAIL
(Steel Authority of India Limited [SAIL])
(400174)","03/2015
(10/2015)","10/2017
(06/2027)","1034.01
(1752.3)",885.61,53
Jharkhand,Steel,489,"Replacement of existing Grinders in CRM-I & II at Bokaro Steel Plant
(Steel Authority of India Limited [SAIL])
(617249)","01/2025
(02/2025)","01/2027
(-)","211.94
(211.94)",20.54,16
Jharkhand,Steel,490,"Secondary Emission Control in Converters of SMS-II at Bokaro Steel Plant
(Steel Authority of India Limited [SAIL])
(617250)","01/2025
(02/2025)","10/2026
(-)","207.13
(207.13)",15.76,11
Jharkhand,Steel,491,"Revamping of old sub-systems of Blast Furnace 3 at Bokaro Steel Plant
(Steel Authority of India Limited [SAIL])
(617253)","08/2023
(03/2023)","07/2025
(11/2025)","513.82
(513.82)",310.02,76
Jharkhand,Steel,492,"Replacement of remaining 04 sets of Battery Cyclones with 04 Nos. of ESPs in Sinter
Plant-1 at Bokaro Steel Plant
(Steel Authority of India Limited [SAIL])
(617254)","03/2024
(04/2024)","06/2026
(-)","260.37
(260.37)",58.19,25
Jharkhand,Steel,493,"Rebuilding of Coke Oven Battery No.6 at Bokaro Steel Plant
(Steel Authority of India Limited [SAIL])
(617257)","11/2023
(12/2023)","11/2026
(-)","627.31
(627.31)",169.38,49
Jharkhand,Water Resources,280,"Dhanbad Water Supply Infrastructure Project
(Ministry of Housing & Urban Affairs)
(702741)","02/2017
(12/2018)","03/2023
(03/2026)","216.55
(216.55)",129.16,74
Jharkhand,Water Resources,281,"SAAP-3 Water Supply Infrastructure SAAP-3 Project
(Ministry of Housing & Urban Affairs)
(702742)","02/2017
(12/2018)","10/2023
(03/2026)","159.31
(159.31)",87.5,66
Jharkhand,Water Resources,282,"Augmentation and Strenghthning of Urban Water Supply Phase 1 - SAAP 3
(Ministry of Housing & Urban Affairs)
(702746)","02/2017
(12/2018)","03/2023
(03/2026)","278.28
(278.28)",186.5,79
Jharkhand,Water Resources,794,"Subernarekha Multipurpose Project, Jharkhand
(Department of Water Resources-JH)
(701376)","04/2011
(01/2012)","12/2019
(03/2026)","3807.77
(9579.58)",5790.29,70
Karnataka,Civil Aviation,11,"Construction of New Domestic Terminal Building and Miscellaneous works at Hubli
Airport
(Airport Authority of India [AAI])
(612787)","06/2023
(01/2024)","01/2026
(03/2026)","320.47
(320.47)",89.99,51
Karnataka,Civil Aviation,12,"Construction of New Domestic Terminal Building and Miscellaneous Works at
Belagavi Airport.
(Airport Authority of India [AAI])
(612788)","06/2023
(02/2024)","01/2026
(02/2026)","322.45
(322.45)",140.51,62
Karnataka,Department of Higher Education,317,"Additional Infrastructure at IISc Bangalore-RCC Monolithic for Men Hostel S14,
Women Hostel S11 , Postdoctoral Hostel S12 2 Block , International Hostel S 12 ,
D&E Block S 12 2 Block FR.
(IISC Bangalore)
(610940)","08/2021
(08/2021)","03/2024
(12/2025)","420.41
(420.41)",367.76,99
Karnataka,Health and Family Welfare,460,"Construction of 200 bed ESI Hospital at Bommasandra, Karnataka
(Employee's State Insurance Company [ESIC])
(612745)","02/2015
(10/2024)","01/2027
(-)","278
(278)",27.8,0
Karnataka,Health and Family Welfare,461,"Construction of 100 bed ESI Hospital and Staff Quarters [32 Nos.] at Harohalli,
Karnataka
(Employee's State Insurance Company [ESIC])
(612748)","07/2019
(03/2025)","02/2027
(-)","150.92
(150.92)",0,0
Karnataka,Petroleum,392,"Power System Upgradation Project
(Mangalore Refinary and Petrochemicals Limited)
(612790)","10/2023
(10/2023)","11/2025
(05/2026)","385
(385)",164.35,72
Karnataka,Petroleum,393,"Demo Bio-ATF Project
(Ministry of Petroleum & Natural Gas)
(616879)","03/2024
(03/2024)","01/2027
(01/2027)","364
(364)",39.1,22
Karnataka,Petroleum,394,"Revamping/ Augmentation of facilities at existing port terminal at Mangalore
(Ministry of Petroleum & Natural Gas)
(709774)","01/2022
(01/2022)","12/2025
(06/2027)","463
(500.62)",290.86,75
Karnataka,Railways,587,"Construction of New BG line between Hassan to Belur [27 Km]
(South Western Railway [SWR] - II)
(400023)","03/2019
(12/2025)","04/2028
(04/2027)","749
(749)",0,0
Karnataka,Railways,588,"Yeshvanthpur - Channasandra Doubling Project [21.70 Km]
(Karnataka Rail Infrastructure Development Company Limited [K-RIDE])
(703585)","04/2019
(10/2019)","03/2024
(03/2026)","314.1
(683.57)",152.31,53
Karnataka,Railways,589,"New Railway Line between Ginigera and Raichur [165.57 km]
(South Western Railway [SWR] - II)
(705434)","03/2008
(05/2009)","03/2019
(03/2027)","2565
(3034.98)",2108.54,66
Karnataka,Railways,590,"Gadag-Wadi New Railway Line [257 km]
(South Western Railway [SWR] - II)
(705490)","04/2013
(08/2017)","03/2027
(12/2027)","2842
(6700)",1419.19,30
Karnataka,Railways,591,"Kadur - Chickamagalur - Sakleshpur [93km]
(South Western Railway [SWR] - II)
(705492)","01/2014
(11/2016)","06/2025
(12/2025)","825
(825)",705.64,83
Karnataka,Railways,592,"Bagalkot-Kudachi New Railway Line [142 km]
(South Western Railway [SWR] - II)
(705495)","10/2013
(11/2012)","03/2027
(01/2027)","1378
(1649)",729.34,35
Karnataka,Railways,593,"Tumkur-Chitradurga-Davangere New Rail Line Project [191 km]
(South Western Railway [SWR] - II)
(705496)","10/2013
(01/2017)","03/2019
(12/2027)","1876
(1876)",461.98,14
Karnataka,Railways,594,"Bangalore-Whitefield-Bangalore City-Krishnarajapuram [23.08 km] - Quadrupling
(South Western Railway [SWR] - II)
(705663)","02/2018
(06/2022)","02/2026
(02/2026)","493
(493)",252.45,82
Karnataka,Railways,595,"SHIMOGA - SHIKARIPURA - RANEBENNUR [96 Km]
(South Western Railway [SWR] - II)
(705761)","09/2019
(02/2023)","12/2027
(06/2028)","1454
(1454)",72.26,11
Karnataka,Railways,596,"Belgaum-Dharwad via Kittur [73.10Km]
(South Western Railway [SWR] - II)
(706835)","09/2020
(03/2025)","12/2027
(03/2029)","1591
(1591)",0.38,0
Karnataka,Road Transports and Highways,200,"Transmission Scheme for Integration of Renewable Energy Zone [Phase II] in Koppal
II [Phase A&B] and gadag II[Phase A] in Karnataka [POWERGRID KOPPAL GADAG
TRANSMISSION LIMITED]
(Power Grid Corporation of India Limited [POWERGRID])
(612140)","12/2023
(12/2023)","12/2025
(06/2026)","2889.39
(2889.39)",1733.63,61
Karnataka,Road Transports and Highways,201,"System Strengthening at Koppal-II and GadagII for integration of RE generation
projects [SPV Name POWERGRID Koppal Gadag Augmentation Transmission
Limited]
(Power Grid Corporation of India Limited [POWERGRID])
(616672)","01/2025
(01/2025)","06/2027
(-)","1354
(1354)",44,1
Karnataka,Road Transports and Highways,202,"Augmentation of Transformation Capacity by 3x500 MVA, 400/220 KV ICTS [6th-8th]
and 1x1500 MVA, 765/400 KV ICT [4th] at Bidar PS [SPV Name- POWERGRID Bidar
Augmentation Transmission Limited]
(Power Grid Corporation of India Limited [POWERGRID])
(617068)","02/2025
(02/2025)","06/2027
(-)","288
(288)",7.41,1
Karnataka,Road Transports and Highways,203,"Transmission Scheme for integration of Davanagere/ Chitradurga and Bellary REZ in
Karnataka [POWERGRID Chitradurga Bellary REZ Transmission Limited]
(Power Grid Corporation of India Limited [POWERGRID])
(617184)","03/2025
(03/2025)","09/2027
(-)","3453
(3453)",62.15,1
Karnataka,Road Transports and Highways,204,"Transmission System Strengthening at Davanagere for Integration of RE Generation
[SPV Name - POWERGRID Davanagere Power Transmission Limited]
(Power Grid Corporation of India Limited [POWERGRID])
(617803)","09/2025
(09/2025)","09/2027
(-)","379
(379)",6.97,0
Karnataka,Shipping and Ports,474,"Mechanization of Berth No.14 for handling Containers and other cargo on DBFOT
basis - Phase II
(New Mangalore Port Authority)
(617804)","12/2023
(06/2024)","03/2027
(-)","153.23
(153.23)",24,33
Karnataka,Steel,494,"Construction of Screening Plant-II for Donimalai and Kumaraswamy Iron Ore Mining
Complex of NMDC Limited at Ballari Dt, Karnataka.
(National Mineral Development Corporation Limited [NMDC])
(400121)","11/2014
(06/2024)","08/2026
(-)","1043.63
(1043.63)",320.8,40
Karnataka,Urban Development,257,"Construction of Bangalore Metro Rail Project Phase 2.
(Bengaluru Metro Rail)
(702635)","02/2014
(02/2016)","03/2021
(09/2026)","26405.14
(30695.1)",29667.97,95
Karnataka,Urban Development,258,"Construction Bangalore Metro Rail Project Phase-2A & 2B
(Bengaluru Metro Rail)
(702665)","06/2021
(01/2019)","06/2026
(06/2026)","14788.1
(14788.1)",9048.22,59
Karnataka,Urban Development,761,"Tumakuru Node - Phase 1 - Roads and Services Development
(National Highways & Infrastructure Development Corporation Ltd. [NHIDCL])
(701657)","12/2020
(02/2023)","09/2026
(-)","1701.81
(1701.81)",153.26,14
Karnataka,Water Resources,283,"Belgavi Improvement in Sewerage System Project
(Ministry of Housing & Urban Affairs)
(702760)","12/2015
(10/2016)","07/2023
(12/2025)","162.73
(162.73)",85.71,80
Karnataka,Water Resources,284,"24/7 water supply under AMRUT for Davanagere
(Ministry of Housing & Urban Affairs)
(702764)","11/2016
(01/2018)","03/2023
(12/2025)","174.96
(174.96)",93.18,65
Karnataka,Water Resources,795,"Upper Tunga Irrigation Project
(Water Resources-KA)
(701377)","04/2014
(04/2014)","12/2019
(03/2026)","770.16
(1606.07)",1515.32,99
Kerala,Civil Aviation,13,"Development of additional RESA on either end on Runway 10-28 at Calicut Airport.
Construction of embankment with slope protection, drainage system and associated
works for additional RESA on either end on Runway 10-28
(Airport Authority of India [AAI])
(612789)","06/2023
(02/2024)","09/2025
(03/2026)","484.57
(484.57)",96.26,25
Kerala,Department of Higher Education,318,"CONSTRUCTION OF PERMANENT CAMPUS FOR IIT PALAKKAD UNDER PHASE
1A
(INDIAN INSTITUTE OF TECHNOLOGY PALAKKAD)
(606431)","07/2017
(03/2020)","06/2022
(06/2026)","1006.45
(1217.4)",652.05,76
Kerala,Department of Higher Education,319,"Phase B of Construction of Permanent Campus of IIT Palakkad
(INDIAN INSTITUTE OF TECHNOLOGY PALAKKAD)
(617878)","05/2025
(01/2026)","10/2028
(-)","1527
(1527)",0,0
Kerala,Petroleum,395,"Augmentation of CCKPL and IDPL Pipelines capacity along with setting up of
Palakkad TOP
(Ministry of Petroleum & Natural Gas)
(617838)","09/2024
(09/2024)","08/2028
(08/2028)","1130
(1130)",173.9,20
Kerala,Petroleum,396,"Replacement and Extension of Jetty Pipelines [REJP] at KR
(Bharat Petroleum Corporation Limited [BPCL])
(709790)","03/2023
(03/2023)","03/2026
(03/2026)","621.87
(621.87)",211.67,91
Kerala,Petroleum,397,"Setting up Polypropylene Unit at Kochi Refinery
(MinistryofPetroleumNaturalGas)
(709799)","12/2023
(12/2023)","10/2027
(10/2027)","4460
(4460)",351.85,18
Kerala,Railways,597,"Kumbalam-Turavur doubling project [15.59 Km]
(Ministry of Railways)
(705638)","04/2023
(04/2023)","03/2027
(03/2027)","813
(802.8)",72.62,19
Kerala,Railways,598,"Ernakulam-Kumbalam doubling project [7.71 Km]
(SR-ERS)
(705639)","04/2023
(04/2023)","03/2028
(02/2027)","601
(595.39)",292.67,20
Kerala,Urban Development,259,"Kochi Metro Rail Phase 2 Development Project
(CSPCC Projects)
(702664)","11/2022
(11/2022)","11/2026
(11/2026)","1957.05
(1957.05)",477.04,21
Ladakh,Civil Aviation,14,"Construction of Terminal Building & Associated works at Leh Airport, Ladakh
(Airport Authority of India [AAI])
(400010)","07/2018
(09/2018)","09/2021
(07/2026)","480
(640)",483.12,78
Madhya Pradesh,Coal,68,"AMADAND OCP[4.0MTY]
(Ministry of Coal)
(400148)","03/2016
(03/2016)","03/2021
(03/2027)","869.44
(869.44)",278.42,75
Madhya Pradesh,Coal,69,"RAMPUR BATURA OCP [4.0MTY]
(South Eastern Coalfields Limited [SECL])
(400152)","07/2019
(07/2019)","03/2026
(-)","1248.93
(1248.93)",498.36,44
Madhya Pradesh,Coal,70,"BLOCK B EXPANSION [3.5 TO 8.0
(Northern Coalfields Limited [NCL])
(400162)","07/2019
(07/2019)","03/2023
(03/2027)","998.71
(998.71)",476.83,47
Madhya Pradesh,Coal,71,"NIGAHI EXPANSION [15 TO 25 MTP
(Northern Coalfields Limited [NCL])
(400321)","11/2020
(11/2020)","03/2025
(03/2028)","1729.68
(1729.68)",841.25,48
Madhya Pradesh,Coal,72,"KANCHAN OC EXP
(South Eastern Coalfields Limited [SECL])
(613802)","12/2014
(12/2014)","03/2026
(-)","371.04
(371.04)",144.61,58
Madhya Pradesh,Coal,73,"JHIRIA WEST OCP [1.5 MTY]
(South Eastern Coalfields Limited [SECL])
(613803)","01/2024
(01/2024)","03/2029
(-)","366.94
(366.94)",34.1,41
Madhya Pradesh,Coal,74,"RPR TAWA-III UG 0.84 MTY
(Western Coalfields Limited [WCL])
(613804)","12/2021
(12/2021)","03/2027
(-)","314.09
(314.09)",6.84,17
Madhya Pradesh,Coal,75,"AMALGAMATED DHANKASA & JAMUNIA
(Western Coalfields Limited [WCL])
(615185)","09/2022
(09/2022)","03/2027
(-)","399.2
(399.2)",93.52,66
Madhya Pradesh,Coal,76,"RPR OF VISHNUPURI UG TO OC
(Western Coalfields Limited [WCL])
(615187)","11/2022
(11/2022)","03/2029
(-)","220.62
(220.62)",0,11
Madhya Pradesh,Coal,77,"URDHAN EXPANSION OC COST PLUS
(Western Coalfields Limited [WCL])
(615194)","07/2022
(01/2023)","03/2031
(-)","206.88
(206.88)",27.19,0
Madhya Pradesh,Coal,78,"SHARDA UG MINE
(Western Coalfields Limited [WCL])
(615195)","07/2022
(09/2023)","03/2028
(-)","166.25
(166.25)",5.12,9
Madhya Pradesh,Coal,79,"GANDHIGRAM UG MINE
(Western Coalfields Limited [WCL])
(615206)","08/2019
(08/2019)","03/2026
(-)","414.15
(414.15)",14.41,56
Madhya Pradesh,Department of Higher Education,320,"Phase III A works at IIT Indore [03 Hostels, 01 Studio Apartment, 01 Housing, Heavy
& Sophisticated lab complex, Academic POD and Infrastructure for center of
excellence]
(Indian Institute of Technology, Indore)
(611957)","12/2023
(04/2024)","02/2027
(-)","496.28
(496.28)",38.62,37
Madhya Pradesh,Mines,299,"Expansion of Malanjkhand Copper Project
(Hindustan Copper Limited [HCL])
(400426)","09/2011
(04/2015)","04/2020
(04/2026)","1856.36
(1856.36)",947.42,82
Madhya Pradesh,Petroleum,398,"C2/C3 Vijaipur Pata Pipeline
(Ministry of Petroleum & Natural Gas)
(617830)","05/2024
(05/2024)","01/2027
(-)","1792
(1792)",261.13,38
Madhya Pradesh,Petroleum,399,"Ethylene Cracker Project at Bina Refinery including downstream Petrochemical Plants
and expansion of Refinery
(MinistryofPetroleumNaturalGas)
(709798)","05/2023
(05/2023)","05/2028
(05/2028)","43367
(43367)",2033,17
Madhya Pradesh,Railways,599,"Lalitpur-Satna, Rewa-Singrauli & Mahoba-Khajuraho
(North Central Railway)
(705480)","01/2007
(03/1998)","03/2027
(12/2027)","8914
(8914)",6447.32,73
Madhya Pradesh,Railways,600,"Katni - Bina Third Railway Line [279 km]
(West Central Railway WCR I)
(705651)","06/2016
(01/2017)","03/2022
(12/2025)","2478.23
(4127.23)",3332.06,95
Madhya Pradesh,Railways,601,"Satna-Rewa Railway Line Doubling Project
(West Central Railway [WCR] - II)
(705659)","11/2015
(08/2017)","03/2026
(03/2026)","500
(584)",565.66,82
Madhya Pradesh,Railways,602,"Doubling of Katni - Singrauli Railway Line [261 km]
(Indian Railway Construction International Limited [IRCON])
(705660)","03/2016
(03/2017)","12/2025
(12/2025)","2445
(4377)",3242.32,100
Madhya Pradesh,Railways,603,"Katni Grade Separator/Bye Pass
(Indian Railway Construction International Limited [IRCON])
(705661)","03/2016
(09/2017)","09/2024
(03/2026)","1248
(1248)",1662.02,95
Madhya Pradesh,Railways,604,"Indore - Budni New Railway Line [198 kms]
(RVNL - II)
(705763)","08/2019
(10/2020)","09/2030
(09/2030)","7474
(7474)",1841.69,25
Madhya Pradesh,Railways,605,"Nimach-Ratlam Doubling [133 Km]
(Western Railway [WR] - II)
(705933)","10/2021
(10/2021)","10/2027
(10/2027)","1095.88
(1095.88)",1067.49,89
Madhya Pradesh,Road Transports and Highways,205,"Transmission System for Evacuation of Power from Rajasthan REZ Ph-IV [Part-2
5.5GW] [Jaisalmer/Barmer Complex] Part H1 [POWERGRID KURAWAR
TRANSMISSION LIMITED]
(Power Grid Corporation of India Limited [POWERGRID])
(615344)","10/2024
(10/2024)","10/2026
(03/2027)","3674
(3674)",808.28,18
Madhya Pradesh,Road Transports and Highways,206,"Transmission System for Evacuation of Power from Rajasthan REZ Ph-IV [Part-2 5.5
GW] [Jaisalmer/Barmer Complex] Part C [SPV Name POWERGRID Mandsaur
Transmission Limited]
(Power Grid Corporation of India Limited [POWERGRID])
(615346)","08/2024
(08/2024)","08/2026
(12/2026)","2708
(2708)",1056.12,44
Madhya Pradesh,Road Transports and Highways,207,"Transmission System for evacuation of power from Mahan Energen Limited
Generating Station in Madhya Pradesh [SPV Name - POWERGRID MEL Power
Transmission Limited]
(Power Grid Corporation of India Limited [POWERGRID])
(617279)","06/2025
(06/2025)","12/2027
(-)","558
(558)",33.48,1
Madhya Pradesh,Road Transports and Highways,208,"Augmentation of Transformation Capacity and Implementation of Line Bays at
Mandsaur S/S for RE Interconnection [SPV Name- POWERGRID Mandsaur I RE
Transmission Limited]
(Power Grid Corporation of India Limited [POWERGRID])
(617802)","10/2025
(10/2025)","03/2028
(-)","319
(319)",0.1,0
Madhya Pradesh,Urban Development,260,"Bhopal Metro Rail Project
(Madhya Pradesh Metro Rail Co Limited [MPMRCL])
(702625)","11/2018
(11/2018)","11/2022
(06/2028)","6941.4
(6941.4)",3715.92,49
Madhya Pradesh,Urban Development,261,"Indore Metro Rail Project
(Madhya Pradesh Metro Rail Co Limited [MPMRCL])
(702626)","11/2018
(11/2018)","11/2022
(12/2028)","7500.8
(7500.8)",4293.14,58
Madhya Pradesh,Water Resources,285,"Indore Water Supply Infrastructure Project
(Ministry of Housing & Urban Affairs)
(702793)","12/2016
(11/2017)","03/2023
(12/2025)","287.17
(287.17)",252.5,99
Madhya Pradesh,Water Resources,286,"Jabalpur Sewerage Management and Treatment Infrastructure Project
(Ministry of Housing & Urban Affairs)
(702798)","10/2018
(12/2017)","03/2023
(12/2025)","362.31
(362.31)",322.31,93
Madhya Pradesh,Water Resources,287,"Satna Sewerage Management and Treatment Infrastructure Project
(Ministry of Housing & Urban Affairs)
(702808)","11/2015
(12/2016)","03/2024
(12/2025)","191.56
(215.89)",191.79,86
Madhya Pradesh,Water Resources,288,"Singrauli Sewerage Management and Treatment Infrastructure Project
(Ministry of Housing & Urban Affairs)
(702810)","05/2016
(11/2017)","03/2023
(12/2025)","402.01
(402.01)",357.68,90
Madhya Pradesh,Water Resources,796,"Omkareshwar CADWM Project
(Water resource-mp)
(400096)","04/2017
(04/2017)","12/2019
(03/2026)","648.09
(648.09)",203.06,49
Madhya Pradesh,Water Resources,797,"Bargi Diversion Project Phase - IV [km. 154 to km 197]
(Water Resources-MP)
(400115)","04/2008
(01/2009)","12/2019
(03/2026)","751.03
(893.35)",783.1,75
Madhya Pradesh,Water Resources,798,"Bargi Diversion Project Phase - III [km. 104 to km 154]
(Water Resources-MP)
(400116)","04/2007
(04/2007)","12/2019
(03/2026)","1229.15
(1399.7)",1937.25,80
Maharashtra,Coal,80,"BHATADI EXPANSION OC
(Western Coalfields Limited [WCL])
(400033)","02/2020
(05/2022)","03/2028
(-)","580.61
(580.61)",80.95,31
Maharashtra,Coal,81,"AMALGAMATED YEKONA I & YEKONA
(Western Coalfields Limited [WCL])
(400177)","08/2015
(08/2015)","03/2025
(03/2026)","727.28
(727.28)",539.9,80
Maharashtra,Coal,82,"DINESH[MAKARDHOKRA-III] OC
(Western Coalfields Limited [WCL])
(400178)","02/2020
(02/2020)","03/2027
(-)","822.88
(822.88)",622.29,34
Maharashtra,Coal,83,"DHUPTALA OC [SASTI UG TO OC ]
(Western Coalfields Limited [WCL])
(400353)","02/2019
(10/2021)","03/2028
(-)","711.01
(711.01)",169.24,19
Maharashtra,Coal,84,"SAONER UG MINE -1 EXPANSION 1.
(Western Coalfields Limited [WCL])
(615184)","01/2022
(01/2022)","03/2028
(-)","228.64
(228.64)",143.48,68
Maharashtra,Coal,85,"SASTI EXPANSION OPENCAST
(Western Coalfields Limited [WCL])
(615186)","08/2020
(08/2020)","03/2026
(-)","319.04
(319.04)",91.6,20
Maharashtra,Coal,86,"NEW MAJRI UG TO OC 3 MTY COST
(Western Coalfields Limited [WCL])
(615188)","05/2019
(09/2022)","03/2027
(-)","402.27
(402.27)",60.07,24
Maharashtra,Coal,87,"MAKARDHOKRA EXPN OC 4.9 MTY
(Western Coalfields Limited [WCL])
(615189)","06/2022
(06/2022)","03/2026
(-)","361.87
(361.87)",77.54,11
Maharashtra,Coal,88,"SINGHORI DEEP OC MIN 2.0 MTY
(Western Coalfields Limited [WCL])
(615190)","05/2022
(05/2022)","03/2029
(-)","335.75
(335.75)",26.98,6
Maharashtra,Coal,89,"GOKUL EXTENSION OC MINE
(Western Coalfields Limited [WCL])
(615192)","04/2021
(04/2021)","03/2026
(-)","309.58
(309.58)",45.87,8
Maharashtra,Coal,90,"KOLGAON EXPANSION DEEP OC MINE
(Western Coalfields Limited [WCL])
(615199)","01/2023
(09/2023)","03/2027
(-)","198.71
(198.71)",10.55,2
Maharashtra,Coal,91,"BALLARPUR NORTH WEST OC MINE
(Western Coalfields Limited [WCL])
(615330)","12/2022
(12/2022)","03/2029
(-)","360.81
(360.81)",0.02,4
Maharashtra,Coal,92,"GADEGAON OC 3 MTY
(Western Coalfields Limited [WCL])
(615331)","10/2023
(10/2023)","03/2030
(-)","497.41
(497.41)",0.08,0
Maharashtra,Coal,93,"GHONSA EXPANSION DEEP OC MINE
(Western Coalfields Limited [WCL])
(615914)","03/2021
(03/2021)","03/2029
(-)","184.71
(184.71)",14.48,5
Maharashtra,Coal,94,"AMLG GAURI PAUNI EXPANSION OC
(Western Coalfields Limited [WCL])
(615916)","04/2024
(04/2024)","03/2030
(-)","1225.21
(1225.21)",80.14,2
Maharashtra,Coal,95,"GAURIDEEP/GAURI CENTRAL OCP 7.
(Western Coalfields Limited [WCL])
(615917)","08/2023
(06/2024)","03/2030
(-)","973.07
(973.07)",0.67,0
Maharashtra,Coal,96,"RPR OF BHANEGAON OC
(Western Coalfields Limited [WCL])
(615918)","02/2017
(09/2022)","03/2028
(-)","405.2
(405.2)",12.39,7
Maharashtra,Coal,97,"N. EXTN. MUNGOLI NIRGUDA D OCP
(Western Coalfields Limited [WCL])
(615919)","06/2024
(06/2024)","03/2029
(-)","1024.91
(1024.91)",175.93,0
Maharashtra,Coal,98,"NILJAI EXPANSION DEEP OCP
(Western Coalfields Limited [WCL])
(615982)","08/2016
(08/2016)","03/2022
(03/2026)","319.75
(319.75)",185.91,79
Maharashtra,Coal,99,"UKNI DEEP OC MINE -COST PLUS
(Western Coalfields Limited [WCL])
(616044)","11/2018
(01/2019)","03/2021
(03/2026)","237.06
(237.06)",165.76,87
Maharashtra,Coal,100,"AMALGAMATED INDER-KAMPTEE DEEP
(Western Coalfields Limited [WCL])
(616050)","09/2018
(09/2018)","03/2024
(03/2026)","235.9
(235.9)",131.81,98
Maharashtra,Coal,101,"ADASA UG TO OC MINE
(Western Coalfields Limited [WCL])
(616223)","11/2018
(11/2018)","03/2024
(03/2026)","316
(316)",208.63,86
Maharashtra,Coal,102,"AMAL GONDEGAON GHATROHANA EXPN
(Western Coalfields Limited [WCL])
(616229)","09/2024
(09/2024)","03/2029
(-)","668.54
(668.54)",1.19,0
Maharashtra,Coal,103,"WAGHODA UG MINE [1.02 MTY]
(Western Coalfields Limited [WCL])
(617233)","01/2024
(01/2025)","03/2030
(-)","379.3
(379.3)",0,0
Maharashtra,Coal,104,"KOLARPIMPRI EXPANSION OC [2.5
(Western Coalfields Limited [WCL])
(617278)","06/2024
(02/2025)","03/2030
(-)","630.37
(630.37)",0,0
Maharashtra,Department of Higher Education,321,"Hostel 4 -Earlier Known as Hostel 20
(Indian Institute of Technology, Bombay)
(612135)","09/2022
(12/2023)","09/2025
(12/2025)","182.33
(182.33)",158.23,99
Maharashtra,Health and Family Welfare,462,"Construction of 200 Bedded [Upgradable to 500 Bedded including 50 beds of SST]
ESIC Hospital at Bibewadi, Pune
(Employee's State Insurance Company [ESIC])
(612188)","05/2018
(03/2023)","09/2025
(02/2026)","429.25
(429.25)",282.09,70
Maharashtra,Health and Family Welfare,463,"Construction of 200 Bedded ESIC Hospital at Butibori, Nagpur, Maharashtra.
(Employee's State Insurance Company [ESIC])
(612213)","10/2013
(08/2022)","08/2025
(09/2026)","194.93
(196.7)",114.39,62
Maharashtra,Health and Family Welfare,464,"Upgradation & Extension of ESIC Hospital and Construction of PG Hostel / Staff
Housing for ESIC Hospital at Andheri, Mumbai
(Employee's State Insurance Company [ESIC])
(616691)","12/2008
(06/2009)","08/2025
(12/2025)","260.13
(260.13)",210.12,89
Maharashtra,Petroleum,341,"Andheri Residential Towers, Mumbai
(Ministry of Petroleum & Natural Gas)
(604833)","06/2017
(06/2017)","05/2025
(06/2026)","281.35
(389.67)",243.11,54
Maharashtra,Petroleum,400,"Debottlenecking and Augmentation of Cryogenic facilities at Uran LPG Import
Terminal
(Department of Water Resources, River Development & GR)
(400158)","04/2021
(04/2021)","02/2024
(12/2025)","1164.69
(1629.86)",1012.27,90
Maharashtra,Petroleum,401,"500 KTA PDHPP Project, Usar
(Ministry of Petroleum & Natural Gas)
(400168)","04/2021
(04/2021)","04/2025
(06/2026)","8797
(11256)",7212.88,87
Maharashtra,Petroleum,402,"Construction of lube oil blending plant at Rasayani
(Ministry of Petroleum & Natural Gas)
(610985)","05/2022
(05/2022)","12/2023
(12/2025)","423.39
(526.26)",326.5,88
Maharashtra,Petroleum,403,"Lube Modernization & Bottom Upgradation Project at Mumbai Refinery
(Ministry of Petroleum and Natural Gas)
(616933)","12/2024
(12/2024)","03/2028
(03/2028)","4679
(4679)",213.91,6
Maharashtra,Petroleum,404,"HP TDAE Unit in Mumbai Refinery
(Hindustan Petroleum Corporation Limited)
(709760)","06/2024
(06/2024)","04/2026
(04/2026)","240
(240)",70.12,62
Maharashtra,Petroleum,405,"City Gas Distribution Project at Beed, Jalgaon and Jalna Districts
(MinistryofPetroleumNaturalGas)
(709771)","03/2022
(03/2022)","09/2031
(09/2031)","865
(865)",73.18,3
Maharashtra,Petroleum,406,"Construction of Additional Tankages and Allied Facilities at JNPT Terminal
(MinistryofPetroleumNaturalGas)
(709780)","04/2022
(04/2022)","08/2026
(08/2026)","341.43
(436.14)",289.92,55
Maharashtra,Petroleum,407,"ATF Pipeline from Jawaharlal Nehru Port Trust to Navi Mumbai International Airport
(Indian Oil Corporation Limited [IOCL])
(709782)","08/2022
(08/2022)","08/2025
(03/2026)","165
(165)",94.28,79
Maharashtra,Petroleum,408,"Installation of Independent De- Aromatized Solvents [DAS] production facilities at MR
(Bharat Petroleum Corporation Limited [BPCL])
(709789)","03/2023
(03/2023)","07/2025
(02/2026)","405
(343)",227.3,95
Maharashtra,Petroleum,409,"POL & LOBS Installations with Receipt Pipelines at Rasayani
(Bharat Petroleum Corporation Limited [BPCL])
(709797)","05/2023
(05/2023)","05/2026
(05/2026)","2585
(2585)",788.46,67
Maharashtra,Petroleum,410,"Part Replacement Pipeline Project [PRPP]
(Oil and Natural Gas Corporation Limited [ONGC])
(709846)","11/2022
(11/2022)","05/2024
(01/2026)","1219.48
(1145.1)",745,90
Maharashtra,Railways,606,"DHULE [BORVIHIR] - NARDANA NEW LINE [50.60 KMS]
(Central Railway)
(400019)","01/2019
(04/2023)","12/2026
(09/2027)","492.76
(1170.83)",288.08,17
Maharashtra,Railways,607,"Wardha-Nanded Via Yavatmal New BG Line
(Central Railway [CR] - II)
(400271)","12/2017
(04/2008)","03/2025
(12/2026)","3445
(3445)",3002.93,50
Maharashtra,Railways,608,"AURANGABAD-ANKAI - DOUBLING PROJECT 98.25 Km
(South Central Railway [SCR] - II)
(611751)","05/2023
(05/2023)","03/2027
(-)","960.64
(960.64)",555.02,1
Maharashtra,Railways,609,"Redevelopment of Chhatrapati Shivaji Maharaj Terminus [CSMT] and construction of
associated infrastructure
(Rail Land Development Authority)
(613015)","04/2023
(07/2023)","03/2027
(-)","1813
(1813)",614.86,17
Maharashtra,Railways,610,"Gondia-Balharshah [Chanda Fort] Doubling [240 Km]
(South East Central Railway)
(617201)","04/2025
(04/2025)","03/2031
(-)","4373.04
(4373.04)",0.29,0
Maharashtra,Railways,611,"Doubling between Parbhani Parli Vaijanath stations 64.71 Km
(South Central Railway [SCR] - II)
(617215)","12/2023
(12/2023)","03/2028
(-)","769.93
(769.93)",25.4,0
Maharashtra,Railways,612,"Babupeth - Sasti New Rail Line [13.114 KMs]
(CentralRailway)
(617361)","10/2024
(10/2024)","03/2028
(-)","362.81
(362.81)",0.47,0
Maharashtra,Railways,613,"Double Chord line Between Nilaje-Kopar
(CentralRailway)
(617364)","01/2025
(01/2025)","07/2028
(-)","338.33
(205)",6.39,0
Maharashtra,Railways,614,"Western Region Video Surveillance Project
(RCIL)
(705300)","06/2020
(04/2023)","12/2023
(-)","227.59
(227.59)",0,0
Maharashtra,Railways,615,"Ahmednagar - Beed - Parli - Vaijnath New Broad Gauge Line Railway Project [261.3
km]
(Central Railway [CR] - II)
(705356)","01/1999
(10/2002)","03/2026
(03/2026)","2538.67
(4957.27)",5140.63,98
Maharashtra,Railways,616,"Baramati Lonand New Line Project
(Central Railway)
(705357)","03/2016
(03/1999)","03/2027
(03/2027)","138.48
(1843.9)",850.75,51
Maharashtra,Railways,617,"Wadsa-Gadchiroli
(South East Central Railway)
(705479)","05/2017
(03/2012)","03/2027
(03/2027)","1886
(1886)",728.36,53
Maharashtra,Railways,618,"3rd Line Kalyan - Kasara [67.35 Kilometres]
(Central Railway)
(705498)","09/2015
(09/2015)","12/2026
(12/2026)","792.89
(1395.79)",981.36,52
Maharashtra,Railways,619,"3rd Line Wardha - Sewagram - Nagpur
(Central Railway [CR] - II)
(705500)","09/2015
(05/2016)","12/2025
(12/2025)","540.02
(944.24)",783.01,83
Maharashtra,Railways,620,"3rd Line Wardha - Ballarshah [132 Kilometres]
(Central Railway [CR] - II)
(705502)","03/2016
(12/2016)","12/2025
(02/2026)","1384.72
(2033.59)",1713.23,80
Maharashtra,Railways,621,"Pune - Miraj-Londa [467 Kilometres]
(Central Railway)
(705503)","06/2016
(06/2016)","02/2025
(08/2025)","4027.53
(4872.52)",4969.74,100
Maharashtra,Railways,622,"Doubling of Daund Manmad Line [247.6 km]
(Central Railway)
(705504)","10/2017
(03/2017)","12/2025
(03/2026)","2081.27
(3267.06)",2874.47,92
Maharashtra,Railways,623,"4th Line Wardha - Nagpur [78.7 Kilometres]
(Central Railway [CR] - II)
(705505)","04/2017
(05/2018)","12/2025
(02/2026)","637.95
(1341.28)",1012.82,83
Maharashtra,Railways,624,"3rd Line Manmad - Jalgaon [160 Kilometres]
(Central Railway [CR] - II)
(705506)","05/2017
(04/2018)","12/2024
(08/2025)","1035.16
(1558.75)",1726.94,95
Maharashtra,Railways,625,"Solapur-tuljapur-Osmanabad
(Central Railway)
(705735)","08/2018
(12/2023)","03/2027
(03/2028)","904.92
(3295.74)",1154.89,12
Maharashtra,Railways,626,"Nagpur- Nagbhir Railway Line Gauge Conversion Project
(MRIDC)
(705799)","10/2019
(04/2020)","12/2025
(12/2025)","1400
(1400)",1472,80
Maharashtra,Railways,627,"Mumbai Urban Transport Project [MUTP] - PHASE II
(Mumbai Rail Vikas Corporation Ltd.[MRVC])
(706779)","05/2008
(04/2008)","03/2014
(12/2027)","8087
(8087)",7364,87
Maharashtra,Railways,628,"Mumbai Urban Transport Project [MUTP] Phase-IIIA
(Mumbai Rail Vikas Corporation Ltd.[MRVC])
(706780)","04/2019
(04/2019)","12/2027
(12/2027)","33690
(33690)",2805,16
Maharashtra,Railways,629,"Mumbai Urban Transport Project Phase-III
(Mumbai Rail Vikas Corporation Ltd.[MRVC])
(706781)","11/2016
(12/2016)","03/2022
(12/2026)","10947
(10947)",5588.85,65
Maharashtra,Railways,630,"PACHORA-JAMNER WITH EXTENSION UPTO MALKAPUR NG TO BG
(CR)
(709808)","08/2022
(01/2022)","08/2027
(03/2028)","955.39
(2093.82)",130.42,11
Maharashtra,Road Transports and Highways,209,"Transmission System for Evacuation of power from Potential RE Zone in Khavda Area
of Gujarat under phase IV 7GW-Part E4
(Power Grid Corporation of India Limited [POWERGRID])
(611966)","11/2023
(11/2023)","07/2025
(03/2026)","224.41
(224.41)",89.66,44
Maharashtra,Shipping and Ports,468,"Establishment of 600 bed super specialty hospital with optional development of
Medical college and further expansion on PPP basis.
(Mumbai Port Trust [MPT])
(708662)","08/2019
(01/2022)","06/2026
(12/2027)","693
(693)",58,11
Maharashtra,Shipping and Ports,475,"Rewas Port Project
(Reliance Industries Ltd)
(400382)","12/2019
(01/2020)","03/2023
(-)","6000
(6000)",5999.89,88
Maharashtra,Shipping and Ports,476,"Setting up of a Floating Storage and Regasification Unit [FSRU] - Mumbai
(Mumbai Port Trust [MPT])
(701586)","11/2020
(04/2021)","11/2026
(11/2026)","900
(900)",65,0
Maharashtra,Urban Development,262,"PCMC To Nigdi- Extension Of North South Corridor Of Phase-1
(Maharashtra Metro Rail Corporation Limited [MMRCL])
(617225)","10/2023
(10/2023)","01/2027
(-)","910.18
(910.18)",167.3,28
Maharashtra,Urban Development,263,"Pune Metro Phase-1 Extension line towards south from Swargate to Katraj
(Maharashtra Metro Rail Corporation Limited [MMRCL])
(617226)","09/2024
(09/2024)","03/2029
(-)","2954.53
(2954.53)",23.12,4
Maharashtra,Urban Development,264,"Thane Integral Ring Metro Rail Project
(Maharashtra Metro Rail Corporation Limited [MMRCL])
(617327)","09/2024
(09/2024)","09/2029
(-)","12200.1
(12200.1)",8.7,4
Maharashtra,Urban Development,265,"Pune Metro Rail Project Phase-2 Corridor 2A Vanaz to Chandani Chowk and Corridor
2B Ramwadi to Wagholi/Vitthalwadi
(Maharashtra Metro Rail Corporation Limited [MMRCL])
(618971)","07/2025
(07/2025)","07/2029
(-)","3626.24
(3626.24)",0.41,0
Maharashtra,Urban Development,266,"New Suburba Station Development Project
(ministry of housing and urban affairs)
(701745)","04/2018
(03/2019)","07/2022
(-)","262.76
(262.76)",17.62,6
Maharashtra,Urban Development,267,"Kalyan Station Precinct Imporvement Project
(ministry of housing and urban affairs)
(701991)","04/2018
(07/2020)","07/2023
(-)","600
(600)",272.42,70
Maharashtra,Urban Development,268,"Mumbai Metro Line 3
(Mumbai Metro Rail Corporation Limited [MMRC])
(702637)","07/2013
(06/2016)","03/2023
(08/2025)","23136
(37276)",32562.27,96
Maharashtra,Urban Development,269,"Nagpur Metro Rail Phase II Development Project
(Maharashtra Metro Rail Corporation Limited [MMRCL])
(702658)","12/2022
(12/2022)","12/2027
(-)","6708
(6708)",1346.18,30
Maharashtra,Water Resources,289,"Kalyan-Dombivali Water Supply Infrastructure Project
(Ministry of Housing & Urban Affairs)
(702833)","07/2016
(09/2019)","10/2023
(12/2025)","194.2
(194.2)",130.6,70
Maharashtra,Water Resources,290,"Mira-Bhayandar Water Supply Infrastructure Project
(Ministry of Housing & Urban Affairs)
(702840)","11/2016
(08/2018)","03/2023
(12/2025)","204.55
(204.55)",186.13,99
Maharashtra,Water Resources,291,"Nagpur Water Supply Infrastructure Project
(Ministry of Housing & Urban Affairs)
(702842)","12/2015
(08/2018)","03/2023
(12/2025)","273.78
(273.78)",266.11,99
Maharashtra,Water Resources,292,"Pune Water Supply Infrastructure Project
(Ministry of Housing & Urban Affairs)
(702851)","03/2017
(07/2017)","03/2023
(10/2025)","235.95
(235.95)",184.98,92
Maharashtra,Water Resources,293,"Solapur Sewerage Management Infrastructure Project
(Ministry of Housing & Urban Affairs)
(702854)","03/2017
(04/2018)","03/2023
(12/2025)","180.24
(180.24)",155.01,91
Maharashtra,Water Resources,799,"Gosikhurd CADWM Project
(Department of water resources-MH - II)
(400095)","04/2017
(04/2017)","12/2019
(06/2026)","743.73
(743.73)",365.86,52
Maharashtra,Water Resources,800,"Urmodi Irrigation Project
(Department of water resources-MH - II)
(400105)","04/2017
(04/2018)","06/2022
(12/2026)","580.79
(895.81)",713.46,76
Maharashtra,Water Resources,801,"Sulwade-Jamphal-Kanoli Lift Irrigation Scheme
(Department of water resources-MH - II)
(400107)","04/2017
(02/2019)","06/2023
(06/2027)","2407.67
(2407.67)",2579.27,80
Maharashtra,Water Resources,802,"Purna Barrage-2 [Ner Dhamana] Medium Irrigation Project
(Department of water resources-MH - II)
(400109)","04/2017
(04/2018)","06/2020
(06/2026)","848.07
(888.43)",690.49,69
Maharashtra,Water Resources,803,"Jigaon Irrigation Project
(Department of water resources-MH - II)
(400112)","04/2017
(04/2018)","06/2028
(-)","7222.95
(7222.95)",9035.2,90
Maharashtra,Water Resources,804,"Bodwad Parisar Sinchan Yojna
(Department of Water Resources-MH)
(617422)","05/2002
(01/2017)","07/2027
(-)","1923.81
(1923.81)",1770.13,49
Maharashtra,Water Resources,805,"Waghur Project
(Department of water resources-MH - II)
(701383)","04/1996
(04/1996)","12/2019
(03/2026)","1058.99
(1758.51)",1557.64,89
Maharashtra,Water Resources,806,"Gosikhurd Project
(Department of water resources-MH - II)
(701386)","04/2008
(04/2008)","12/2019
(06/2028)","7196.47
(12770.1)",13837.78,72
Maharashtra,Water Resources,807,"Aruna Medium Irrigation Project
(Department of water resources-MH - II)
(701391)","04/2009
(01/2010)","12/2019
(12/2025)","210.45
(1472.14)",1705.83,97
Maharashtra,Water Resources,808,"Lower Pedhi Project
(Department of water resources-MH - II)
(701396)","04/2008
(04/2008)","12/2019
(06/2026)","255.97
(1480.7)",1324.98,65
Maharashtra,Water Resources,809,"Nardave Medium Irrigation Project
(Department of water resources-MH - II)
(701398)","04/2009
(04/2009)","12/2019
(06/2026)","211.46
(781.85)",623.5,72
Manipur,Civil Aviation,15,"C/o NITB Imphal Airport
(Airport Authority of India [AAI])
(706718)","11/2021
(07/2022)","07/2024
(12/2026)","499
(499)",156.06,42
Manipur,Department of Higher Education,335,"National Sports University [NSU], Imphal [Manipur]
(Department of Sports & Youth Affairs)
(400081)","NA
(01/2022)","08/2024
(11/2025)","906.47
(611.74)",559.27,95
Manipur,Railways,631,"Jiribam-Imphal new line project
(Northeast Frontier Railway [NFR])
(705391)","03/2013
(12/2007)","12/2026
(06/2029)","14323
(21885.9)",15782.48,72
Manipur,Water Resources,810,"Thoubal Multipurpose Project
(Water Resources Department-MN)
(701400)","04/1997
(04/1997)","12/2019
(03/2026)","1449.44
(1822.24)",1837.91,98
Meghalaya,Department of Higher Education,322,"Construction and Developement of National Institute of Technology Meghalaya
Permanent Campus at Sohra
(National Institute of Technology, Meghalaya)
(612885)","09/2009
(09/2014)","03/2022
(07/2025)","494.52
(494.52)",422.07,90
Meghalaya,Telecommunications,763,"Provision of 4G based Mobile Services in Uncovered Villages and National Highways
of Meghalaya
(Department of Telecommunications)
(701598)","09/2019
(09/2020)","03/2022
(03/2026)","971.96
(971.96)",208.25,99
Mizoram,Department of Higher Education,323,"Construction of Permanent Campus for NIT Mizoram at Lengpui, Aizawl
(NIT Mizoram)
(612876)","09/2009
(06/2014)","12/2029
(12/2029)","474.23
(474.23)",167.55,4
Mizoram,Petroleum,342,"LPG Bottling Plant at Mualkhang
(Ministry of Petroleum & Natural Gas)
(617829)","07/2024
(07/2024)","11/2027
(11/2027)","225.71
(225.71)",12.81,21
"Multi-States
(Karnataka,
Maharashtra,
Telangana, Uttar
Pradesh)",Civil Aviation,16,"SITC of ATM Automation System and ASMGCS [Including SMR & MLAT] for Mumbai,
Navi Mumbai, Jewar [earlier MOPA, without ASMGCS], HIAL & BIAL
(Airport Authority of India [AAI])
(611570)","12/2020
(10/2022)","09/2025
(08/2026)","500.48
(500.48)",339.1,75
"Multi-States
(Jharkhand, West
Bengal)",Coal,105,"Master Plan for Jharia and Raniganj Coalfields
(Bharat Coking Coal Limited [BCCL])
(400313)","08/2009
(08/2009)","08/2019
(12/2028)","2661.73
(2661.73)",792.45,43
"Multi-States
(Madhya Pradesh,
Uttar Pradesh)",Coal,106,"BINA KAKRI AMALGAMATION EXPANS
(Northern Coalfields Limited [NCL])
(400369)","08/2020
(08/2020)","03/2024
(03/2027)","836.42
(836.42)",812.73,89
"Multi-States
(Madhya Pradesh,
Uttar Pradesh)",Coal,107,"KHADIA EXPANSION [10 TO 16 MTP
(Northern Coalfields Limited [NCL])
(615183)","06/2021
(06/2021)","03/2025
(03/2027)","491.67
(491.67)",247.06,50
"Multi-States
(Andhra Pradesh,
Chhattisgarh,
Odisha)",Petroleum,411,"Visakh Raipur Pipeline Project
(Ministry of Petroleum and Natural Gas)
(616254)","09/2024
(09/2024)","09/2027
(09/2027)","2212
(2212)",22.57,14
"Multi-States
(Andhra Pradesh,
Odisha)",Petroleum,343,"Srikakulam Angul Gas Pipeline Project
(Ministry of Petroleum & Natural Gas)
(701343)","09/2019
(09/2019)","07/2022
(12/2025)","2658.34
(2810)",2282.98,96
"Multi-States
(Arunachal
Pradesh, Assam,
Manipur,
Meghalaya,
Mizoram,
Nagaland, Sikkim,
Tripura, West
Bengal)",Petroleum,412,"North East Gas Grid
(Ministry of Petroleum & Natural Gas)
(701346)","04/2020
(04/2020)","03/2024
(03/2026)","9265
(9265)",6608.95,86
"Multi-States
(Arunachal
Pradesh, Gujarat,
Rajasthan)",Petroleum,344,"Rajasthan Refinery Project
(MinistryofPetroleumNaturalGas)
(701263)","10/2017
(10/2017)","10/2022
(03/2026)","43129
(79459)",62888.3,89
"Multi-States
(Assam, Bihar,
Jharkhand,
Odisha, West
Bengal)",Petroleum,345,"Paradip-Numaligarh Crude Oil Pipeline [PNCPL] & Crude Oil Import Terminal [COIT]
at Paradip
(Ministry of Petroleum & Natural Gas)
(701349)","01/2019
(01/2019)","07/2024
(03/2026)","10228
(11407)",10063.21,88
"Multi-States
(Assam, West
Bengal)",Petroleum,413,"Upgradation of Facilities of Numaligarh-Siliguri Product Pipeline [NSPL] for
transportation of additional products from existing 1.72 MMTPA to 5.5 MMTPA
(Ministry of Petroleum & Natural Gas)
(701350)","06/2021
(06/2021)","12/2024
(12/2025)","860
(860)",636.92,99
"Multi-States
(Bihar, Jharkhand)",Petroleum,414,"CGD Project in Banka, Dumka, Godda, Jamtara, Pakur, Sahibganj GA ID 11A.02
(Hindustan Petroleum Corporation Limited)
(709757)","06/2022
(06/2022)","06/2030
(06/2030)","1377
(1377)",347.15,31
"Multi-States
(Chhattisgarh,
Madhya Pradesh,
Maharashtra,
Odisha)",Petroleum,415,"Mumbai Nagpur Jharsuguda Pipeline Project
(Ministry of Petroleum & Natural Gas)
(701354)","06/2020
(06/2020)","05/2023
(12/2025)","7844.25
(8255)",6710.1,97
"Multi-States
(Gujarat, Haryana,
Punjab,
Rajasthan)",Petroleum,416,"Mehsana-Bhatinda & Bhatinda-Jammu Natural Gas Pipeline
(Ministry of Petroleum & Natural Gas)
(701330)","07/2011
(07/2011)","06/2024
(12/2025)","7392
(7392)",6320,90
"Multi-States
(Gujarat, Haryana,
Rajasthan)",Petroleum,346,"New Mundra Panipat Crude Oil Pipeline
(Ministry of Petroleum & Natural Gas)
(400078)","12/2021
(12/2021)","12/2024
(06/2026)","9028
(9028)",7357.45,86
"Multi-States
(Gujarat, Madhya
Pradesh, Uttar
Pradesh)",Petroleum,347,"Kandla Gorakhpur LPG Pipeline
(Ministry of Petroleum & Natural Gas)
(400012)","12/2018
(12/2018)","12/2021
(12/2025)","10088
(10088)",8135.69,93
"Multi-States
(Jammu and
Kashmir, Punjab)",Petroleum,417,"Gurdaspur Jammu Pipeline
(Gas Authority of India Limited [GAIL])
(612853)","07/2023
(07/2023)","07/2026
(07/2026)","521.9
(521.9)",233.4,42
"Multi-States
(Karnataka, Tamil
Nadu)",Petroleum,348,"Multi Product Pipeline from Irugur to Devangonthi
(Department of Water Resources, River Development & GR)
(400301)","11/2012
(11/2012)","02/2017
(09/2026)","678
(1732)",838.07,74
"Multi-States
(Karnataka,
Kerala, Tamil
Nadu)",Petroleum,418,"Kochi - Koottanad - Bangalore - Mangalore Pipeline Phase-II
(Ministry of Petroleum & Natural Gas)
(701228)","06/2009
(06/2009)","12/2012
(12/2025)","2915
(5909)",4531.49,95
"Multi-States
(Karnataka,
Maharashtra)",Petroleum,419,"City Gas Distribution Maharashtra Natural Gas Limited
(Ministry of Petroleum & Natural Gas)
(701338)","01/2006
(01/2006)","06/2031
(06/2031)","5535
(5535)",4011.77,0
"Multi-States
(Odisha, West
Bengal)",Petroleum,420,"Dhamra Haldia Pipeline Project
(Ministry of Petroleum & Natural Gas)
(701344)","03/2020
(03/2020)","11/2022
(12/2025)","1030.65
(1125)",879.9,90
"Multi-States
(Punjab,
Rajasthan)",Petroleum,421,"City Gas Distribution Projects at Fazilka [except area already authorized], Ganganagar
and Hanumangarh districts
(Bharat Petroleum Corporation Limited [BPCL])
(709794)","12/2022
(12/2022)","06/2030
(06/2030)","3207
(3207)",366.34,26
"Multi-States
(Arunachal
Pradesh, Assam)",Power,168,"Subansiri Lower HE Project [2000 MW]
(National Hydroelectric Power Corporation Limited [NHPC])
(602096)","09/2003
(01/2005)","09/2010
(05/2026)","6285.33
(26075.5)",25415.23,97
"Multi-States (Delhi,
Gujarat, Madhya
Pradesh,
Maharashtra,
Rajasthan)",Railways,662,"New Delhi- Mumbai Speed Booster[160Kmph] Project
(PCE/WR)
(705793)","09/2019
(09/2019)","03/2024
(-)","6806.44
(6806.44)",135.65,0
"Multi-States (Goa,
Karnataka)",Railways,663,"Hospet - Tinaighat - Vasco Rail Doubling Project
(RVNL - II)
(705650)","03/2010
(07/2012)","03/2027
(12/2027)","5060
(5060)",5246.91,86
"Multi-States (Goa,
Karnataka)",Railways,664,"Hospet-Hubli-Vasco da Gama Line Electrification Project
(RVNL)
(706950)","07/2015
(05/2018)","03/2023
(03/2024)","744.49
(1122.62)",969.05,95
"Multi-States (Uttar
Pradesh, West
Bengal)",Railways,695,"Sainthia, Sitarampur, Mughalsarai, Allahabad & Etawah - Bypass Line Project
(Eastern Railway [ER] - I)
(602797)","08/2017
(12/2017)","03/2027
(03/2027)","461.64
(461.64)",193.39,8
"Multi-States
(Andhra Pradesh,
Karnataka)",Railways,632,"Marikuppam - Kuppam New Line Project [23.70 Km]
(South Western Railway [SWR] - II)
(705491)","04/2012
(10/2018)","06/2026
(06/2026)","297
(297)",135.5,20
"Multi-States
(Andhra Pradesh,
Karnataka)",Railways,633,"Rayadurg-Tumkur via Kalyandurg New Line [207 km]
(South Western Railway [SWR] - II)
(705494)","03/2008
(07/2010)","09/2015
(02/2028)","2496
(2496)",1787.43,70
"Multi-States
(Andhra Pradesh,
Karnataka)",Railways,634,"Renigunta, Wadi & Gooty Bypass Railway Project
(South Central Railway [SCR] - I)
(705610)","04/2016
(04/2016)","12/2025
(12/2025)","302
(543)",381,50
"Multi-States
(Andhra Pradesh,
Maharashtra,
Telangana)",Railways,635,"Doubling between Mudkhed Medchal & Mahbubnagar Dhone section 417.88 Km
(South Central Railway [SCR] - II)
(617212)","08/2023
(08/2023)","03/2029
(-)","4686.09
(4686.09)",778.34,1
"Multi-States
(Andhra Pradesh,
Odisha)",Railways,636,"Vizianagaram - Titlagarh 3rd line [272 Km including By - pass line of 7.68 KM]
(RVNL - II)
(400253)","06/2016
(11/2016)","12/2025
(12/2025)","4803
(6669.91)",5722.01,89
"Multi-States
(Andhra Pradesh,
Odisha)",Railways,637,"Doubling of Kottavalasa-Koraput Rail Line [189 KM]
(East Coast Railway [ECoR] - II)
(705512)","12/2015
(01/2016)","03/2022
(03/2028)","2500
(2500)",2037.7,71
"Multi-States
(Andhra Pradesh,
Odisha)",Railways,638,"Vizianagaram-Sambhalpur 3rd Line Project
(RVNL)
(705520)","06/2016
(12/2016)","03/2025
(-)","4803.16
(4803.16)",2979.23,0
"Multi-States
(Andhra Pradesh,
Tamil Nadu)",Railways,639,"Tindivanam-Nagari New Line Project [184.5 km]
(Ministry of Railways)
(400275)","07/2008
(10/2008)","09/2025
(03/2028)","3631
(3631)",1113.53,18
"Multi-States
(Andhra Pradesh,
Telangana)",Railways,640,"Doubling between Motumari Vishnupuram - 88.81 Km and Rail over Rail - RoR at
Motumari - 10.877 Km
(South Central Railway [SCR] - II)
(616857)","02/2024
(03/2025)","03/2029
(-)","1595.55
(1595.55)",14.45,1
"Multi-States
(Andhra Pradesh,
Telangana)",Railways,641,"Doubling of Guntur Bibinagar 239 Km
(South Central Railway [SCR] - II)
(617211)","08/2023
(08/2023)","03/2029
(-)","2853.23
(2853.23)",75.78,1
"Multi-States
(Andhra Pradesh,
Telangana)",Railways,642,"Rail Connectivity to Errupalem Amravati Namburu 57 Km
(South Central Railway [SCR] - II)
(617214)","11/2024
(11/2024)","03/2027
(-)","2047.4
(2047.4)",14.49,0
"Multi-States
(Andhra Pradesh,
Telangana)",Railways,643,"Kazipet-Vijayawada 3rd line with electrification [220 km]
(South Central Railway [SCR] - II)
(705612)","03/2013
(08/2014)","02/2025
(12/2025)","1953
(3363)",3625.29,94
"Multi-States
(Andhra Pradesh,
Telangana)",Railways,644,"Vijayawada - Kazipet Byepass line
(South Central Railway [SCR] - II)
(705632)","04/2016
(04/2016)","01/2025
(12/2025)","647
(904)",973.78,93
"Multi-States
(Arunachal
Pradesh, Assam)",Railways,645,"Murkongselek-Pasighat
(Northeast Frontier Railway (NFR) - II)
(705401)","02/2011
(03/2023)","03/2025
(05/2026)","435
(1250)",771.1,62
"Multi-States
(Assam,
Nagaland)",Railways,646,"Lumding Furkating Doubling Project 140 km
(Northeast Frontier Railway [NFR])
(616701)","02/2024
(01/2025)","02/2028
(-)","2123.7
(2123.7)",13.74,0
"Multi-States
(Assam,
Nagaland)",Railways,647,"Dimapur [Dhansiri]-Sukhobi Kohima [Zubza] NL [82.5 Km]
(Northeast Frontier Railway [NFR])
(705392)","08/2015
(02/2016)","03/2025
(12/2025)","6663
(6663)",5634.59,81
"Multi-States
(Bihar, Delhi,
Jharkhand, Uttar
Pradesh, West
Bengal)",Railways,648,"New Delhi- Howrah Speed Booster[160Kmph] Project
(PCE/NCR)
(705794)","09/2019
(09/2019)","03/2024
(-)","6684.81
(6684.81)",127.03,0
"Multi-States
(Bihar, Jharkhand)",Railways,649,"Third Railway Line between Patratu-Sonnagar [281 kms]
(RVNL - II)
(400234)","11/2016
(08/2018)","03/2026
(07/2026)","8975
(8975)",4950,88
"Multi-States
(Bihar, Jharkhand)",Railways,650,"Multi tracking of Son Nagar-Andal 374.53 rkm & 814.38 tkm
(East Central Railway [ECR] - I)
(616699)","08/2023
(08/2023)","03/2028
(-)","12333.57
(12333.6)",420.86,13
"Multi-States
(Bihar, Jharkhand)",Railways,651,"Koderma-Tilaiya New Line
(East Central Railway [ECR] - I)
(705375)","11/2004
(03/2002)","02/2025
(02/2026)","1626
(2486.62)",2122.42,94
"Multi-States
(Bihar, Jharkhand)",Railways,652,"Pirpainti - Jasidih [100.52 Km] New BG line
(Eastern Railway [ER] - I)
(705385)","03/2014
(03/2022)","03/2028
(03/2028)","2555
(2555)",784.18,49
"Multi-States
(Bihar, Uttar
Pradesh)",Railways,653,"NER Provision of Automatic Block Signalling on Gorakhpur Cantt[Excl] Chhapra
Gramin & Burhwal Jn [Excl] Sitapur Jn section of high density routes
(North Eastern Railway [NER])
(611669)","NA
(06/2023)","03/2027
(-)","380.47
(380.47)",24.53,0
"Multi-States
(Bihar, Uttar
Pradesh)",Railways,654,"Gorakhpur-Valmikinagar Doubling project
(NER)
(617224)","08/2023
(03/2024)","12/2027
(-)","1120
(1120)",269.67,26
"Multi-States
(Bihar, Uttar
Pradesh)",Railways,655,"Chhapra-Ballia Patch Doubling
(North Eastern Railway [NER])
(705562)","03/2013
(12/2015)","02/2025
(03/2026)","963
(1046)",912.16,95
"Multi-States
(Bihar, West
Bengal)",Railways,656,"Katihar - Kumedpur Doubling Line Project
(GM/C/ NFR)
(706844)","08/2022
()","08/2027
(08/2027)","942
(942)",356,45
"Multi-States
(Chhattisgarh,
Maharashtra)",Railways,657,"Rajnandgaon - Nagpur [Kalumna] Third Railway Line [228.30 km]
(South East Central Railway [SECR] - II)
(705617)","09/2016
(12/2016)","12/2024
(06/2026)","3545
(3545)",3518.69,96
"Multi-States
(Chhattisgarh,
Odisha)",Railways,658,"Sardega -Bhalumuda New Double line [37.24 Km]
(SECR)
(617390)","09/2024
(09/2024)","03/2028
(-)","1281.81
(1281.81)",128,2
"Multi-States
(Chhattisgarh,
Odisha)",Railways,659,"Jagdalpur-Koraput
(East Coast Railway [ECoR] - II)
(705511)","12/2015
(03/2016)","03/2024
(12/2026)","1547
(1547)",1336.83,91
"Multi-States
(Chhattisgarh,
Odisha)",Railways,660,"Jharsuguda-Bilaspur Fourth Railway Line [206 km]
(SECR)
(705616)","09/2016
(09/2016)","10/2024
(03/2026)","2140
(2979)",2189.75,93
"Multi-States
(Dadra & Nagar
Haveli and Daman
& Diu, Gujarat,
Maharashtra)",Railways,661,"Mumbai-Ahmedabad High Speed Rail Project- 508 km
(National High Speed Rail Corporation [NHSRC])
(705728)","03/2015
(09/2017)","08/2027
(12/2029)","108000
(108000)",84199.89,55
"Multi-States
(Gujarat, Haryana,
Maharashtra,
Rajasthan, Uttar
Pradesh)",Railways,665,"Western Dedicated Freight Corridor
(DFCCIL)
(705237)","02/2008
(01/2012)","03/2022
(12/2025)","51101
(124005)",124623,96
"Multi-States
(Gujarat, Madhya
Pradesh)",Railways,666,"New line Dahod-Indore via Sardarpur, Jabuwa and Dhar
(Western Railway [WR] - II)
(705453)","06/2012
(06/2012)","02/2027
(02/2027)","456.07
(3516.77)",3725.91,50
"Multi-States
(Gujarat, Madhya
Pradesh)",Railways,667,"Chhota Udaipur - Dhar New Line Project [157 km]
(Western Railway [WR] - II)
(705454)","11/2008
(01/2014)","12/2025
(12/2025)","1794
(1794)",1815.94,80
"Multi-States
(Gujarat,
Maharashtra)",Railways,668,"MUMBAI CENTRAL VIRAR VADODARA AHMEDABAAD TRAIN PROTECTION
SYSTEM 500 RKM
(Western Railway)
(611452)","09/2019
(03/2023)","12/2025
(12/2026)","311
(311)",263.42,93
"Multi-States
(Gujarat,
Rajasthan)",Railways,669,"Taranga Hill-Abu Road via Ambaji
(North Western Railway [NWR])
(400022)","07/2022
(07/2022)","07/2030
(07/2030)","2798
(2798)",2037.04,17
"Multi-States
(Gujarat,
Rajasthan)",Railways,670,"LUNI- SAMDARI- BHILDI DOUBLING
(North Western Railway [NWR])
(616842)","02/2024
(02/2024)","07/2027
(-)","3085.59
(3085.59)",363.31,13
"Multi-States
(Haryana,
Himachal Pradesh)",Railways,671,"Chandigarh-Baddi New Rail Line- 36 km
(Northen Railway [NR])
(705424)","02/2018
(02/2018)","12/2026
(12/2026)","1540
(1540.13)",539.29,35
"Multi-States
(Haryana,
Rajasthan)",Railways,672,"Rewari - Kathuwas Doubling Project [27.72 Km]
(North Western Railway [NWR])
(611861)","02/2023
(12/2022)","06/2027
(06/2027)","352
(352)",275.26,66
"Multi-States
(Himachal
Pradesh, Punjab)",Railways,673,"Nangal Dam-Talwara New Broad Gauge Line [84 KM] and Taking Over Siding
Mukerian-Talwara [29 KM]
(Northen Railway [NR])
(705410)","03/1983
(05/1985)","12/2025
(12/2027)","2018
(2018)",2259.62,82
"Multi-States
(Himachal
Pradesh, Punjab)",Railways,674,"Bhanupalli-Bilaspur-Beri New Railway Line Project
(RVNL - II)
(705428)","03/2009
(04/2015)","12/2026
(12/2027)","13447
(13447)",7008.64,61
"Multi-States
(Jharkhand, West
Bengal)",Railways,677,"Chandil - Anara - Damodar - 3rd line [121.26 km]
(CAO/C/SER)
(616227)","09/2024
(07/2025)","09/2029
(-)","1932.01
(1932.01)",0.3,0
"Multi-States
(Jharkhand, West
Bengal)",Railways,678,"KHARAGPUR-ADITYAPUR THIRD RAIL LINE- 132 KM
(RVNL - I)
(705668)","09/2016
(01/2018)","03/2025
(12/2025)","3250
(3250)",3176.46,97
"Multi-States
(Jharkhand,
Odisha)",Railways,675,"Doubling of Hatia [Ranchi]-Bondamunda Rail Line - 159 km
(South Eastern Railway - JH)
(705628)","03/2016
(02/2017)","06/2025
(06/2026)","3029
(3029.04)",2525.28,87
"Multi-States
(Jharkhand,
Odisha, West
Bengal)",Railways,676,"Buramara-Chakulia new line [59.96 km]
(South Eastern Railway [SER] - I)
(616588)","08/2024
(12/2024)","12/2029
(-)","1459.13
(1459.13)",3.33,0
"Multi-States
(Karnataka, Tamil
Nadu)",Railways,680,"Baiyyappanahalli - Hosur Doubling Project [48 km]
(Karnataka Rail Infrastructure Development Company Limited [K-RIDE])
(703586)","04/2019
(02/2019)","03/2024
(01/2026)","498.7
(748.7)",630.41,86
"Multi-States
(Karnataka,
Maharashtra)",Railways,679,"Hotgi-Kudgi-Gadag Doubling Project
(South Western Railway [SWR] - II)
(705662)","04/2014
(01/2016)","12/2024
(03/2026)","1878
(2459)",2684.67,92
"Multi-States
(Kerala, Tamil
Nadu)",Railways,681,"Trivandrum- Kanyakumari
(Southern Railway (SR) - I)
(705635)","08/2017
(03/2016)","03/2025
(12/2026)","1432
(3785.45)",2505.8,50
"Multi-States
(Madhya Pradesh,
Maharashtra)",Railways,682,"Ratlam-Mhow-Khandwa-Akola Gauge Conversion
(Western Railway [WR] - II)
(705457)","04/2008
(03/2010)","03/2027
(09/2028)","1656.25
(6499.86)",4445.82,81
"Multi-States
(Madhya Pradesh,
Maharashtra)",Railways,683,"Itarsi - Nagpur Third Railway Line [280 km]
(Central Railway (CR) - II)
(705507)","09/2016
(09/2016)","03/2027
(12/2027)","2449.91
(2506.68)",1937.22,55
"Multi-States
(Madhya Pradesh,
Rajasthan)",Railways,684,"RATLAM- DUNGARPUR VIA BANSWARA NEW LINE PROJECT
(North Western Railway [NWR])
(617406)","10/2015
(05/2023)","03/2028
(-)","2417.24
(2417.24)",6.79,8
"Multi-States
(Madhya Pradesh,
Rajasthan)",Railways,685,"Gwalior - Seopurkala with extension to Kota [Gauge Conversion]
(North Central Railway)
(705419)","03/2011
(07/2018)","03/2025
(02/2026)","2913
(2913)",2120.66,85
"Multi-States
(Madhya Pradesh,
Rajasthan)",Railways,686,"Ramganjmandi-Bhopal New Line Project [262 km]
(West Central Railway [WCR] - II)
(705481)","03/2001
(10/2004)","12/2025
(12/2027)","3032
(5073)",3764.11,70
"Multi-States
(Madhya Pradesh,
Rajasthan)",Railways,687,"Nimach-Badi Sadri New Rail Line Project
(Western Railway [WR] - II)
(705764)","04/2017
(09/2021)","03/2026
(06/2026)","495
(825)",130.09,57
"Multi-States
(Madhya Pradesh,
Rajasthan, Uttar
Pradesh)",Railways,688,"Mathura-Jhansi Third Railway Line [274 Km]
(RVNL - II)
(705667)","12/2015
(03/2018)","12/2024
(12/2026)","5961
(5961)",4990.85,94
"Multi-States
(Madhya Pradesh,
Uttar Pradesh)",Railways,689,"Jhansi - Bina Third Railway Line [153 Km]
(CAO/C/NCR)
(705598)","09/2016
(03/2018)","03/2022
(03/2026)","2002
(2002)",1831.86,93
"Multi-States
(Madhya Pradesh,
Uttar Pradesh)",Railways,690,"Jhansi-Khairar-Manikpur & Khirar-Bhimsen
(North Central Railway)
(705608)","03/2018
(04/2019)","03/2026
(03/2026)","4330
(4330)",2456.1,62
"Multi-States
(Maharashtra,
Telangana)",Railways,691,"Third Line [new] between Kazipet - Balharshah with electrification [201.04 Km]
(South Central Railway [SCR] - II)
(705613)","09/2016
(10/2016)","01/2025
(11/2025)","2595
(3071)",3409.31,94
"Multi-States
(Odisha, West
Bengal)",Railways,692,"Narayangarh-Bhadrak 3rd line
(South Eastern Railway [SER] - I)
(705629)","03/2019
(03/2017)","12/2025
(06/2026)","2400
(3425.32)",2344.37,66
"Multi-States
(Puducherry, Tamil
Nadu)",Railways,693,"Nagapattinam-Tiruturaipundi and Karaikal-Peralam New Line
(Ministry of Railways)
(400223)","07/2008
(01/2019)","03/2027
(03/2028)","713
(981)",598.38,80
"Multi-States
(Sikkim, West
Bengal)",Railways,694,"Sivok-Rangpo New Rail Line
(Indian Railway Construction International Limited [IRCON])
(705432)","10/2009
(05/2010)","05/2015
(12/2027)","7877
(11775)",9647.55,89
"Multi-States (Delhi,
Rajasthan)",Road Transports and Highways,219,"Transmission system for evacuation of power from REZ in Rajasthan 20GW under
Phase-III Part J
(Power Grid Corporation of India Limited [POWERGRID])
(611735)","12/2022
(12/2022)","03/2025
(07/2026)","331
(331)",139.02,37
"Multi-States (Delhi,
Rajasthan)",Road Transports and Highways,220,"Transmission Scheme for Evacuation of power from REZ in Rajasthan [20 GW] under
Phase-III Part D [Sikar Khetri Transmission Ltd]
(Power Grid Corporation of India Limited [POWERGRID])
(612132)","02/2024
(02/2024)","08/2025
(06/2026)","2000
(2000)",1528.4,72
"Multi-States
(Andhra Pradesh,
Karnataka)",Road Transports and Highways,210,"Transmission System for Integration of Kurnool-IV REZ Phase-I [for 4.5 GW]
[POWERGRID Kurnool-IV Transmission Limited]
(Power Grid Corporation of India Limited [POWERGRID])
(617185)","03/2025
(03/2025)","03/2027
(-)","5550
(5550)",333,1
"Multi-States
(Andhra Pradesh,
Karnataka)",Road Transports and Highways,211,"Transmission System for Integration of Ananthapur 2 REZ Phase 1 for 4.5 GW. SPV
Name Anantapuram 2 REZ Transmission Ltd
(Sterlite Power)
(617806)","08/2024
(03/2025)","03/2027
(-)","4535.99
(4535.99)",208.88,26
"Multi-States
(Andhra Pradesh,
Telangana)",Road Transports and Highways,212,"Transmission System for Kurnool Wind Energy Zone/ Solar Energy Zone Part-A and
Part-B
(Power Grid Corporation of India Limited [POWERGRID])
(900808)","11/2022
(03/2023)","11/2024
(01/2026)","3546.94
(3546.94)",3404.59,98
"Multi-States
(Arunachal
Pradesh, Sikkim)",Road Transports and Highways,213,"Comprehensive Scheme for Strengthening of Transmission and Distribution [T&D]
Systems [CSST&DS] in Arunachal Pradesh and Sikkim
(Power Grid Corporation of India Limited [POWERGRID])
(602223)","10/2014
(10/2014)","12/2018
(03/2027)","4754.42
(9129.32)",7778.18,82
"Multi-States
(Assam, Manipur,
Meghalaya,
Mizoram,
Nagaland, Tripura)",Road Transports and Highways,214,"NORTH EASTERN REGION POWER SYSTEM IMPROVEMENT PROJECT
[NERPSIP]
(Power Grid Corporation of India Limited [POWERGRID])
(607709)","12/2014
(03/2016)","12/2018
(03/2026)","5111.33
(6700)",5410.25,96
"Multi-States
(Bihar, Odisha,
West Bengal)",Road Transports and Highways,215,"Eastern Region Expansion Scheme-43 [ERES-43]
(Power Grid Corporation of India Limited [POWERGRID])
(617271)","09/2024
(09/2024)","03/2026
(06/2026)","342.69
(342.69)",0.71,0
"Multi-States
(Bihar, Uttar
Pradesh)",Road Transports and Highways,216,"Inter-regional [NR-WR] Transmission System strengthening to relieve the loading of
765 kV Vindhyachal-Varanasi D/c line
(Power Grid Corporation of India Limited [POWERGRID])
(617807)","10/2025
(10/2025)","10/2027
(-)","2368
(2368)",0.1,0
"Multi-States
(Bihar, West
Bengal)",Road Transports and Highways,217,"Eastern Region Expansion Scheme-44 [ERES-44]
(Power Grid Corporation of India Limited [POWERGRID])
(617270)","11/2024
(11/2024)","05/2026
(06/2026)","408.94
(408.94)",0.32,0
"Multi-States
(Dadra & Nagar
Haveli and Daman
& Diu, Gujarat,
Maharashtra)",Road Transports and Highways,218,"Transmission Network Expansion in Gujarat to increase its ATC from ISTS Part B
(Power Grid Corporation of India Limited [POWERGRID])
(400005)","01/2022
(07/2022)","06/2023
(12/2025)","4546.26
(4546.26)",4318.95,94
"Multi-States
(Gujarat,
Maharashtra)",Road Transports and Highways,221,"TRANSMISSION SYSTEM FOR EVACUATION OF POWER FROM POTENTIAL
RENEWABLE ENERGY ZONE IN KHAVDA AREA OF GUJARAT UNDER PHASE-V
[8 GW] PART A [SPV Name POWERGRID West Central Transmission Limited]
(Power Grid Corporation of India Limited [POWERGRID])
(615347)","11/2024
(11/2024)","05/2029
(-)","24819
(24819)",1985.98,3
"Multi-States
(Haryana, Punjab,
Rajasthan)",Road Transports and Highways,222,"Transmission system for evacuation of power from Rajasthan REZ Ph-IV [Part-
3/6GW] [Bikaner complex] Part A [SPV Name POWERGRID Bikaner IV Transmission
Limited]
(Power Grid Corporation of India Limited [POWERGRID])
(615339)","11/2024
(11/2024)","11/2026
(03/2027)","5969
(5969)",698.04,11
"Multi-States
(Haryana,
Rajasthan)",Road Transports and Highways,223,"TRANSMISSION SYSTEM FOR EVACUATION OF POWER FROM RAJASTHAN
REZ PH-IV [PART-3/ 6 GW] [BIKANER COMPLEX] PART B [SPV Name
POWERGRID Siwani Transmission Limited]
(Power Grid Corporation of India Limited [POWERGRID])
(615340)","11/2024
(11/2024)","11/2026
(03/2027)","5357
(5357)",666.56,17
"Multi-States
(Karnataka,
Maharashtra)",Road Transports and Highways,224,"Inter-Regional Strengthening between SR Grid and WR Grid
(Power Grid Corporation of India Limited [POWERGRID])
(617808)","10/2025
(10/2025)","10/2027
(-)","1007
(1007)",0.1,0
"Multi-States
(Karnataka,
Telangana)",Road Transports and Highways,225,"Transmission Scheme for Solar Energy Zone in Bidar [2500 MW], Karnataka [Bidar
Transmission Ltd]
(Power Grid Corporation of India Limited [POWERGRID])
(612138)","02/2024
(02/2024)","02/2026
(06/2026)","2147.62
(2147.62)",1505.69,71
"Multi-States
(Madhya Pradesh,
Rajasthan)",Road Transports and Highways,226,"Transmission System for Evacuation of Power from Rajasthan REZ Ph-IV [Part-2 5.5
GW] [Jaisalmer/Barmer Complex] Part D [SPV Name POWERGRID Beawar
Mandsaur Transmission Limited]
(Power Grid Corporation of India Limited [POWERGRID])
(615333)","08/2024
(08/2024)","08/2026
(-)","2227
(2227)",801.72,25
"Multi-States
(Madhya Pradesh,
Rajasthan)",Road Transports and Highways,227,"Transmission System for Evacuation of Power from Rajasthan REZ Ph-IV [Part-2 5.5
GW] [Jaisalmer/Barmer Complex] Part E [SPV Name POWERGRID Mewar
Transmission Limited]
(Power Grid Corporation of India Limited [POWERGRID])
(615334)","08/2024
(08/2024)","08/2026
(03/2027)","3251
(3251)",1137.85,28
"Multi-States
(Madhya Pradesh,
Rajasthan)",Road Transports and Highways,228,"Rajasthan REZ Ph-V [Part-1- 4 GW] [Sirohi/Nagaur] Complex [Rajasthan V Power
Transmission Limited]
(Power Grid Corporation of India Limited [POWERGRID])
(617186)","03/2025
(03/2025)","03/2027
(-)","5028
(5028)",319.73,5
"Multi-States
(Rajasthan, Uttar
Pradesh)",Road Transports and Highways,229,"Transmission System for Evacuation of power from Rajasthan REZ Ph-IV [Part-1]
[Bikaner Complex] Part D [Neemrana Bareilly Transmission Ltd]
(Power Grid Corporation of India Limited [POWERGRID])
(612133)","12/2023
(12/2023)","12/2025
(06/2026)","2056
(2056)",1603.68,64
"Multi-States
(Rajasthan, Uttar
Pradesh)",Road Transports and Highways,230,"Transmission System for evacuation of Power from Rajasthan REZ Ph-IV [Part-4 3.5
GW] Part A [SPV name POWERGRID Ghiror Transmission Limited]
(Power Grid Corporation of India Limited [POWERGRID])
(616670)","12/2024
(12/2024)","12/2026
(03/2027)","5846
(5846)",566.68,11
"Multi-States
(Andhra Pradesh,
Bihar,
Chhattisgarh,
Jharkhand,
Madhya Pradesh,
Maharashtra,
Odisha,
Telangana, Uttar
Pradesh, West
Bengal)",Telecommunications,764,"Mobile connectivity in Left Wing Extremism [LWE] affected areas-Phase 1
Upgradation
(Department of Telecommunications [DoT])
(617413)","04/2022
(05/2024)","05/2025
(03/2026)","1884.6
(1884.6)",100,87
"Multi-States
(Andhra Pradesh,
Bihar,
Chhattisgarh,
Jharkhand,
Madhya Pradesh,
Maharashtra,
Odisha,
Telangana, Uttar
Pradesh, West
Bengal)",Telecommunications,765,"Mobile connectivity in Left Wing Extremism [LWE] affected areas-Phase2
(Department of Telecommunications [DoT])
(701599)","NA
(09/2021)","03/2023
(03/2026)","1577.57
(1577.57)",628.29,87
"Multi-States
(Andhra Pradesh,
Chhattisgarh,
Jharkhand,
Maharashtra,
Odisha)",Telecommunications,766,"Provision of 4G based mobile services in 7,287 uncovered villages of 44 Aspirational
District across 5 states of Andhra Pradesh, Chhattisgarh, Jharkhand, Maharashtra &
Odisha
(Department of Telecommunications [DoT])
(701602)","11/2021
(05/2022)","11/2023
(05/2026)","3685
(3685)",1203.48,82
"Multi-States
(Arunachal
Pradesh, Assam)",Telecommunications,767,"Provision of 4G Mobile Services in Uncovered Villages of Arunachal Pradesh and 2
Districts of Assam
(Department of Telecommunications)
(701597)","12/2020
(10/2021)","04/2023
(03/2026)","1255.49
(1255.49)",284.04,92
"Multi-States
(Bihar, Gujarat,
Himachal Pradesh,
Jammu and
Kashmir, Ladakh,
Rajasthan, Uttar
Pradesh)",Telecommunications,768,"354 Uncovered Villages Scheme
(Department of Telecommunications [DoT])
(701600)","12/2019
(04/2020)","10/2021
(08/2025)","336.89
(301.13)",235.96,100
"Multi-States
(Bihar, Madhya
Pradesh,
Rajasthan, Uttar
Pradesh)",Telecommunications,769,"502 Aspirational District Scheme in Four states - Bihar, Madhya Pradesh, Rajastha
and Uttar Pradesh
(Department of Telecommunications [DoT])
(704495)","NA
(03/2021)","03/2022
(12/2025)","421.65
(228.94)",142.01,97
"Multi-States
(Maharashtra,
Telangana)",Telecommunications,770,"PHASE-I OF CONSOLIDATION OF EXISTING CDR DATA CENTERS AND NIB-P3
DATA CENTERS WITH STATE OF THE ART
(BSNL)
(709749)","03/2020
(03/2020)","06/2021
(12/2025)","461.42
(461.42)",166.02,81
"Multi-States (Delhi,
Haryana)",Urban Development,270,"Delhi Metro Rail Phase-IV [Rithala - Kundli Corridor]
(Delhi Metro Rail Corporation Limited [DMRC])
(617206)","01/2025
(01/2025)","01/2029
(-)","6230.99
(6230.99)",72.41,0
"Multi-States (Delhi,
Uttar Pradesh)",Urban Development,271,"Delhi-Ghaziabad-Meerut Regional Rapid Transit System [RRTS] corridor
(National Capital Region Transport Corporation [NCRTC])
(702633)","03/2019
(03/2019)","06/2025
(12/2025)","30274
(30274)",27060.65,96
"Multi-States
(Bihar, Jharkhand,
Uttar Pradesh,
West Bengal)",Urban Development,469,"Jal Marg Vikas Project
(Inland Waterways Authority of India [IWAI])
(701565)","01/2018
(02/2018)","12/2023
(12/2025)","5369.18
(5061.15)",3577.42,73
"Multi-States
(Bihar, Jharkhand)",Water Resources,811,"North Koel Reservoir Project
(Department of Water Resources, River Development & GR)
(701412)","08/2017
(01/2021)","03/2021
(03/2026)","1622.27
(2430.76)",151.04,32
Nagaland,Department of Higher Education,324,"Establishment of NIT Nagaland
(NIT Nagaland)
(613013)","09/2009
(12/2014)","12/2025
(-)","275.63
(275.63)",261.24,97
Nagaland,Petroleum,422,"Augmentation/ Revamping of Dimapur Depot, Dimapur
(MinistryofPetroleumNaturalGas)
(709786)","08/2023
(08/2023)","11/2027
(11/2027)","227.62
(227.62)",11.41,26
Odisha,Coal,108,"SUBHADRA OCP
(Mahanadi Coalfields Limited [MCL])
(400165)","05/2021
(05/2021)","04/2032
(-)","1693.81
(1693.81)",1324.37,42
Odisha,Coal,109,"SIARMAL OCP
(Mahanadi Coalfields Limited [MCL])
(400166)","02/2021
(02/2021)","03/2029
(-)","5194.95
(5194.95)",3460.35,57
Odisha,Coal,110,"BALARAM EXPANSION OCP
(Mahanadi Coalfields Limited (MCL))
(400183)","06/2020
(08/2020)","03/2029
(-)","3504.21
(3504.21)",924.23,53
Odisha,Coal,111,"GOPALJI KANIHA OCP [10 TO 30 M
(MCL - CIL)
(400185)","04/2022
(04/2022)","03/2030
(-)","8416.19
(6107.87)",1742.12,17
Odisha,Coal,112,"INTEGRATED LAKHANPUR-BELPAHAR-
(Mahanadi Coalfields Limited [MCL])
(400187)","05/2018
(05/2018)","03/2027
(-)","2434.75
(2434.75)",1840.93,71
Odisha,Coal,113,"BHARATPUR RE-ORGANIZATION OCP
(Mahanadi Coalfields Limited [MCL])
(400392)","11/2018
(11/2018)","03/2029
(-)","2838.86
(2838.86)",1673.58,48
Odisha,Coal,114,"BASUNDHARA WEST EXTENSION OPEN
(MCL - CIL)
(615193)","05/2014
(05/2014)","03/2019
(03/2029)","479.15
(479.15)",274.63,64
Odisha,Coal,115,"Naini Coal Mine
(Singareni Collieries Company Limited [SCCL])
(615857)","03/2020
(03/2020)","03/2026
(-)","494.3
(494.3)",491.33,80
Odisha,Coal,116,"INTEGRATED KULDA GARJANBAHAL O
(Mahanadi Coalfields Limited [MCL])
(616226)","04/2023
(04/2023)","03/2033
(-)","3563.5
(3563.5)",592.57,3
Odisha,Coal,117,"BHUBANESWARI EXPN OCP 50 MTY
(MCL - CIL)
(616231)","03/2024
(03/2024)","03/2033
(-)","5366.27
(5366.27)",468.15,29
Odisha,Coal,118,"HINGULA II OC EXPN PH III 15 M
(MCL - CIL)
(616232)","11/2022
(11/2022)","03/2029
(-)","1561.85
(1561.85)",272.99,24
Odisha,Coal,119,"BALABHADRA OCP
(MCL - CIL)
(616233)","04/2023
(04/2023)","03/2030
(-)","978.44
(978.44)",212.94,12
Odisha,Department of Higher Education,325,"IISER BERHAMPUR
(Indian Institutes of Science Education and Research, Behrampur)
(610315)","10/2018
(09/2019)","03/2021
(06/2026)","1229.32
(843.09)",835.6,97
Odisha,Health and Family Welfare,465,"Construction of 100 Bedded ESI Hospital at Duburi, Odisha.
(Employee's State Insurance Company [ESIC])
(612513)","12/2010
(02/2025)","06/2027
(-)","164.6
(164.6)",16.4,7
Odisha,Mines,300,"Expansion of Alumina Refinery Plant with addition of 5th Stream having capacity
enhancement of 1.0 Million Tonee Per Annum
(National Aluminium Company Limited [NALCO])
(400141)","04/2017
(04/2017)","12/2022
(09/2025)","4103
(5677.4)",4310.44,79
Odisha,Mines,301,"Pottangi Bauxite Mines Project
(National Aluminium Company Limited [NALCO])
(400299)","05/2018
(05/2018)","03/2025
(05/2026)","1381
(1960.77)",650.04,51
Odisha,Mines,302,"CONVERSION OF FLAT BOTTOM SETTLERS AND WASHERS WITH A SINGLE
TRAIN OF HRDS AND DCWS IN STREAMS 1 AND
(Ministry of Mines)
(709830)","NA
(04/2017)","11/2026
(-)","355
(581)",163.55,12
Odisha,Mines,303,"SOURCING OF BAUXITE ARRANGEMENT FOR 5TH STREAM ALUMINA
REFINERY FROM SOUTH BLOCK MINING LEASE OF PANCHPATMAILI MINES
(National Aluminium Company Limited [NALCO])
(709831)","11/2017
(11/2019)","05/2025
(06/2026)","483
(483)",414.75,91
Odisha,Petroleum,423,"Integrated Para Xylene [PX] and Purified Terephthalic Acid [PTA] Project at Paradip
Refinery
(Ministry of Petroleum & Natural Gas)
(604859)","07/2020
(07/2020)","01/2024
(08/2026)","13805
(11783)",8552.2,91
Odisha,Petroleum,424,"City Gas Distribution [CGD] Project in Gajapati, Kandhamal, Boudh, & Sonepur GA
(Ministry of Petroleum & Natural Gas)
(617818)","02/2022
(02/2022)","02/2030
(02/2030)","514.91
(514.91)",22.2,4
Odisha,Petroleum,425,"CUF POL Depot at Sadashibpur [Meramundali], Odisha
(MinistryofPetroleumNaturalGas)
(709800)","04/2021
(04/2021)","03/2026
(03/2026)","393.54
(393.54)",123.06,52
Odisha,Power,143,"NLC Talabira Thermal Power Project
(NLC India Limited [NLCIL])
(400231)","01/2017
(01/2024)","03/2030
(-)","27212.96
(27213)",2550.76,1
Odisha,Power,169,"Talcher Thermal Power Station Stage III [2 x 660 MW] Expansion
(National Thermal Power Corporation [NTPC])
(602961)","08/2022
(09/2022)","05/2027
(03/2028)","11843.75
(12543)",5042.25,43
Odisha,Railways,696,"Proposed 6 nos Road Over Bridge [ROB] at different locations under MCL Talcher
Under Deposit Scheme.
(East Coast Railway [ECoR] - II)
(400045)","08/2022
(07/2022)","03/2025
(01/2025)","168.32
(168.32)",69.85,82
Odisha,Railways,697,"Brundamal-Jharsuguda- flyover connection for joining downline
(East Coast Railway [ECoR] - II)
(400232)","01/2014
(01/2014)","12/2026
(12/2026)","297
(297)",209.57,45
Odisha,Railways,698,"3rd & 4th line between Sarla - Sason [8 km] [PB 73/2023-24/NR]
(East Coast Railway [ECoR] - II)
(612834)","04/2023
(04/2023)","12/2025
(-)","252
(252)",91.45,65
Odisha,Railways,699,"Bangriposi-Gorumahisani new line [ 85.60 km ]
(CAO/C/SER)
(616586)","08/2024
(09/2025)","12/2029
(-)","2269.49
(2269.49)",4.08,0
Odisha,Railways,700,"Badampahar-Kendujhargarh new line [82.06 km]
(CAO/C/SER)
(616587)","08/2024
(09/2025)","12/2029
(-)","1875.72
(1875.72)",1.04,0
Odisha,Railways,701,"Paradeep - Badabandha 3rd & 4th Line / 18.51kms
(East Coast Railway [ECoR] - II)
(616695)","08/2023
(04/2025)","11/2028
(-)","300.15
(300.15)",0,0
Odisha,Railways,702,"Khurda-Bolangir New Broad Gauge Rail Link [301km]
(East Coast Railway [ECoR] - II)
(705358)","03/1994
(03/2001)","12/2026
(12/2026)","3792
(5089)",5194.05,89
Odisha,Railways,703,"Talcher-Bimlagarh New Railway Line
(East Coast Railway [ECoR] - II)
(705359)","03/2004
(12/2004)","03/2025
(03/2027)","1928
(1928)",1972.31,49
Odisha,Railways,704,"Bhadrak-Nergundi Third Line
(East Coast Railway [ECoR] - II)
(705510)","10/2015
(04/2015)","11/2024
(01/2026)","1284
(1284)",1298,80
Odisha,Railways,705,"Koraput - Singapur Railway Doubling
(East Coast Railway [ECoR] - II)
(705513)","12/2015
(12/2015)","12/2027
(03/2028)","2362
(2362)",1834.53,70
Odisha,Railways,706,"Jarapada- Budhapank with flyover at Talcher road 3rd and 4th Line
(East Coast Railway [ECoR] - II)
(705514)","11/2015
(12/2015)","11/2018
(03/2026)","1000
(810.02)",421.59,58
Odisha,Railways,707,"3rd & 4th Railway Line Project from Salegaon to Budhapank via Rajathgarh.
(East Coast Railway [ECoR] - II)
(705515)","07/2013
(12/2015)","03/2026
(03/2026)","1173
(2092)",1971,80
Odisha,Railways,708,"Jeypore-Navarangpur New Rail Line Project
(East Coast Railway [ECoR] - II)
(705741)","07/2017
(04/2023)","07/2028
(12/2029)","748
(748)",12.76,1
Odisha,Railways,709,"Jeypore-Malkanagiri New Railway Line Project
(East Coast Railway [ECoR] - II)
(705742)","02/2018
(12/2023)","07/2033
(07/2033)","2344
(2344)",490.13,20
Odisha,Railways,710,"Khurda Road - Balangir Electrification of Railway Track Project
(Ministry of Railways)
(706898)","09/2018
(09/2019)","03/2021
(-)","267.61
(267.61)",0,0
Odisha,Railways,711,"GANDHAMARDAN IRON ORE MINES TO GOALDIH STATION/12.76kms
(East Coast Railway [ECoR] - II)
(709811)","09/2022
(05/2025)","09/2027
(09/2027)","190
(189.93)",0,0
Odisha,Shipping and Ports,477,"Deepening and Optimization of Inner Harbour facilities including development of
Western Dock on BOT basis to handle Cape size vessels
(Paradip Port Trust [PPT])
(701574)","05/2022
(01/2023)","12/2027
(10/2028)","3004.63
(3004.63)",1277.52,50
Odisha,Steel,495,"Installation of 4th Slab Caster along with its Auxiliaries and a New Ladle Furnace in
SMS-II at Rourkela Steel Plant
(Steel Authority of India Limited [SAIL])
(400065)","01/2022
(02/2022)","05/2025
(09/2025)","1105.23
(1105.23)",790.11,100
Odisha,Water Resources,812,"Integrated Anandpur Barrage Project
(Water Resources-OR)
(603945)","04/1997
(01/1998)","12/2019
(06/2026)","567.03
(2990.05)",2715.12,62
Odisha,Water Resources,813,"Kanupur Irrigation Project
(Irrigation and CAD-TG)
(701404)","04/2003
(01/2004)","12/2019
(06/2026)","989.43
(2301.28)",2712.75,79
Offshore,Petroleum,426,"Life Extension of 48 well platforms of Mumbai High & Heera Fields
(Oil and Natural Gas Corporation Limited [ONGC])
(400119)","12/2015
(12/2015)","04/2018
(03/2026)","3190.69
(3375.9)",3122.39,90
Offshore,Petroleum,427,"PRP-VIII [Group-A]
(Ministry of Petroleum & Natural Gas)
(616950)","09/2024
(09/2024)","02/2026
(05/2026)","1486.4
(1486.4)",272.3,24
Offshore,Petroleum,428,"Daman Upside Development Project
(Oil and Natural Gas Corporation Limited [ONGC])
(709839)","06/2022
(06/2022)","10/2025
(02/2026)","4144.41
(6406.9)",4694.85,90
Offshore,Petroleum,429,"MHN TCPP PGC BGC Project [MTPBP]
(Ministry of Petroleum & Natural Gas)
(709848)","06/2022
(06/2022)","05/2026
(05/2026)","2329.45
(2354.23)",1148.9,61
Offshore,Petroleum,430,"PRP-VIII Group B [NH & BS Asset]
(Ministry of Petroleum & Natural Gas)
(709849)","06/2024
(06/2024)","02/2026
(05/2026)","2379.84
(3165.53)",1806.9,70
Offshore,Petroleum,431,"Integrated Development of 4 Contract Areas under DSF-II
(Ministry of Petroleum & Natural Gas)
(709851)","05/2023
(05/2023)","04/2027
(04/2027)","6183.79
(6183.79)",697.67,24
Offshore,Railways,712,"Jaynagar-Bijalpura, incl. extn. Bet, Bijalpura-Bardibas [Nepal]
(East Central Railway [ECR] - I)
(705362)","08/2015
(03/2011)","03/2022
(03/2026)","819
(819)",580.51,75
Offshore,Urban Development,470,"Fairway Development in West Bengal Farakka - Kahelgaon
(Inland Waterways Authority of India [IWAI])
(611142)","01/2018
(08/2018)","07/2023
(04/2024)","177
(197)",383.41,100
PAN India,Telecommunications,771,"Saturation 4G mobile coverage of Uncovered Villages through USOF
(Department of Telecommunications [DoT])
(400013)","07/2022
(07/2022)","06/2024
(03/2026)","26316
(30620)",9791.8,78
PAN India,Telecommunications,772,"4G Services by BSNL
(Department of Telecommunications [DoT])
(701593)","11/2020
(11/2020)","03/2024
(03/2026)","28466
(19592)",8471.19,97
PAN India,Telecommunications,773,"BharatNet
(Department of Telecommunications [DoT])
(706775)","07/2017
(10/2011)","08/2023
(03/2027)","61109
(188000)",46431.54,81
PAN India,Telecommunications,774,"MPLS-IP BASED ACCESS AND AGGREGATION NETWORK [MAAN] IN BSNL
ALONG WITH TEST AND MEASURING EQUIPMENT
(BSNL)
(709856)","05/2023
(05/2023)","08/2024
(11/2025)","645.13
(645.13)",377.59,92
PAN India,Telecommunications,775,"Planning, Engineering, Supply, Installation, Testing, Commissioning, Integration &
Annual Maintenance of 4G mobile network at 1 Lakh sites on PAN India basis
including Mumbai & Delhi LSA on turnkey basis under Phase IX.2 Project.
(BSNL)
(709857)","05/2023
(06/2023)","06/2025
(03/2026)","24544.55
(24544.5)",8472.04,97
PAN India,Telecommunications,776,"OPTICAL TRANSPORT NETWORK [OTN] PH-4 IN BSNL
(BSNL)
(709858)","02/2024
(02/2024)","08/2025
(11/2025)","810.99
(810.99)",786.86,100
Puducherry,Department of Higher Education,326,"Establishment of NIT Puducherry Permanent Campus [Phase-I and Phase-II]
(National Institute of Technology, Puducherry)
(612877)","09/2009
(07/2013)","12/2024
(08/2025)","618.34
(544.34)",529.94,96
Punjab,Department of Higher Education,327,"Construction of Permanent Campus of Indian Institute of Management [IIM] Amritsar,
Punjab, Phase-I
(Indian intitue of Management, Amritsar)
(605292)","10/2019
(07/2020)","06/2023
(12/2025)","348.31
(348.31)",290.39,91
Punjab,Department of Higher Education,328,"Construction of Girls Hostel 400 seater, Boys Hostel 600 seater, Academic Block,
International Hostel 100 seater, VC Residence and Purchase of Equipment
(Central University of Punjab)
(617221)","08/2024
(04/2025)","10/2027
(-)","210.99
(210.99)",20.89,13
Punjab,Petroleum,432,"2G Ethanol Biorefinery at Bathinda
(Hindustan Petroleum Corporation Limited [HPCL])
(400171)","05/2020
(05/2020)","02/2023
(03/2026)","1421.46
(1421.46)",1207.72,95
Punjab,Petroleum,433,"City Gas Distribution Project at Pathankot District
(MinistryofPetroleumNaturalGas)
(709770)","03/2022
(03/2022)","09/2033
(09/2033)","151
(151)",8.77,2
Punjab,Railways,713,"Ludhiana- Killa Raipur Railway Doubling Project
(Railway)
(705783)","03/2019
(12/2022)","03/2025
(03/2026)","237.64
(238)",134.48,50
Punjab,Water Resources,294,"Jalandhar Water Supply Infrastructure Project
(Ministry of Housing & Urban Affairs)
(703021)","11/2016
(08/2020)","08/2023
(03/2026)","258.53
(258.53)",161.02,58
Punjab,Water Resources,295,"Patiala Water Supply Infrastructure Part-2 Project
(Ministry of Housing & Urban Affairs)
(703057)","11/2016
(08/2020)","10/2023
(12/2025)","287
(287)",213.64,99
Punjab,Water Resources,814,"Relining of Rajasthan feeder and Sirhind Feeder canal
(Department of Water Resources-PB)
(701410)","02/2016
(04/2018)","06/2021
(06/2026)","1441.26
(2462.16)",3012.69,80
Punjab,Water Resources,815,"Shahpur Kandi Dam Project
(Department of Water Resources-PB)
(701411)","02/2010
(04/2018)","06/2022
(10/2025)","2285.81
(2715.7)",2169.72,88
Rajasthan,Civil Aviation,17,"Construction of New Passenger Terminal Building for Domestic Operations at Jodhpur
Airport.
(Airport Authority of India [AAI])
(701127)","05/2022
(04/2023)","11/2024
(01/2026)","480
(480)",323.18,98
Rajasthan,Civil Aviation,18,"Construction of New Integrated Passenger Terminal Building at Udaipur Airport
(Airport Authority of India [AAI])
(701128)","06/2023
(11/2023)","03/2026
(10/2026)","887
(887)",416.67,55
Rajasthan,Petroleum,349,"Petrochemical evacuation marketing terminal at Barmer, Rajasthan
(Hindustan Petroleum Corporation Limited [HPCL])
(709759)","12/2023
(12/2023)","12/2026
(12/2026)","461.05
(461.05)",153.07,67
Rajasthan,Power,144,"300 MW SPP part of 510 MW CPSU scheme
(NLC India Limited [NLCIL])
(612819)","07/2022
(03/2023)","09/2024
(12/2025)","1813
(1813)",1393.34,86
Rajasthan,Power,170,"BIKANER SOLAR POWER PROJECT
(Satluj Jal Vidyut Nigam [SJVN] Thermal Limited)
(709748)","10/2021
(05/2022)","04/2024
(12/2025)","5491.89
(5491.89)",5376.34,92
Rajasthan,Railways,714,"Dedicated Test Track for RDSO Phase II
(North Western Railway [NWR])
(611614)","11/2021
(11/2021)","11/2026
(11/2026)","819.48
(967.06)",471,86
Rajasthan,Railways,715,"Devgarh Madariya - Nathdwara Gauge Conversion [82.54 Km] part of Marwar - Mavli
Gauge Conversion [152 Km]
(North Western Railway [NWR])
(611849)","01/2023
(01/2023)","06/2028
(06/2028)","968.92
(968.92)",151.53,52
Rajasthan,Railways,716,"Maintenance cum workshop depot for Vande Bharat Sleeper Trains as per conditions
under WTA 527
(WPO/Patna)
(611929)","09/2022
(06/2023)","12/2024
(-)","166.86
(166.86)",0,0
Rajasthan,Railways,717,"PUSHKAR- MERTA CITY NEW LINE
(North Western Railway [NWR])
(616841)","02/2024
(02/2024)","12/2026
(-)","799.64
(799.64)",14.64,4
Rajasthan,Railways,718,"AJMER- CHANDERIYA DOUBLING
(North Western Railway [NWR])
(616843)","02/2024
(02/2024)","06/2027
(-)","1634.79
(1634.79)",140.65,7
Rajasthan,Railways,719,"SADULPUR - CHURU DOUBLING PROJECT
(North Western Railway [NWR])
(617403)","01/2024
(01/2024)","06/2026
(-)","468.64
(468.64)",128.6,52
Rajasthan,Railways,720,"POKHRAN - RAMDEVRA New Line
(North Western Railway [NWR])
(617404)","04/2025
(04/2025)","03/2028
(-)","189.21
(189.21)",0,0
Rajasthan,Railways,721,"NATHDWARA- NATHDWARA TOWN NL
(North Western Railway [NWR])
(617408)","03/2019
(04/2024)","03/2027
(-)","166.33
(166.33)",83.34,2
Rajasthan,Railways,722,"Dholpur - Sirmuttra Gauge Conversion
(North Central Railway)
(705482)","03/2022
(04/2020)","02/2019
(02/2027)","747
(747)",431.82,44
Rajasthan,Railways,723,"Gudha-Thatha Mithri Construction of Railway Track Project
(North Western Railway [NWR])
(705752)","04/2019
(04/2019)","11/2026
(11/2026)","819.48
(967.06)",393.06,99
Rajasthan,Railways,724,"Sawai Madhopur-Jaipur Railway Line Project
(North Western Railway [NWR])
(705912)","02/2024
(04/2023)","03/2027
(-)","1203.89
(1203.89)",109.85,13
Rajasthan,Railways,725,"Agra Fort-Bandikui Doubling Line Project
(CAO/C/NCR)
(705919)","06/2022
(02/2021)","06/2027
(06/2027)","1390
(1390)",123,25
Rajasthan,Railways,726,"Sawaimadhopur Bye Pass Line Project
(North Western Railway [NWR])
(706866)","12/2022
(01/2023)","03/2026
(05/2027)","304
(304)",53,46
Rajasthan,Road Transports and Highways,231,"Transmission system strengthening scheme for evacuation of power from solar energy
zones in Rajasthan[8.1 GW] under phase-II- Part E
(Power Grid Corporation of India Limited [POWERGRID])
(611659)","03/2023
(03/2023)","09/2024
(12/2025)","1433.28
(1433)",1418.67,98
Rajasthan,Road Transports and Highways,232,"Transmission System for Evacuation of Power from REZ in Rajasthan 20GW under
Phase III- Part E2
(Power Grid Corporation of India Limited [POWERGRID])
(611947)","11/2023
(11/2023)","06/2025
(03/2026)","428.3
(428.3)",308.38,80
Rajasthan,Road Transports and Highways,233,"Transmission system for evacuation of power from REZ in Rajasthan 20 GW under
Phase-III part H
(Power Grid Corporation of India Limited [POWERGRID])
(611948)","10/2023
(10/2023)","04/2025
(01/2026)","2211.29
(2211.29)",1975.34,92
Rajasthan,Road Transports and Highways,234,"Transmission system for evacuation of power from REZ in Rajasthan 20 GW under
Phase-III part C1
(Power Grid Corporation of India Limited [POWERGRID])
(611949)","10/2023
(10/2023)","04/2025
(03/2026)","1796.02
(1796.02)",1580.49,92
Rajasthan,Road Transports and Highways,235,"Transmission system for evacuation of power from REZ in Rajasthan 20 GW under
Phase-III part B1
(Power Grid Corporation of India Limited [POWERGRID])
(611950)","09/2023
(09/2023)","04/2025
(12/2025)","2190.54
(2190.54)",2000.84,96
Rajasthan,Road Transports and Highways,236,"Transmission system for evacuation of power from REZ in Rajasthan 20GW under
Phase-III Part E1
(Power Grid Corporation of India Limited [POWERGRID])
(611951)","12/2021
(08/2023)","02/2025
(12/2025)","688.74
(688.74)",668,98
Rajasthan,Road Transports and Highways,237,"Transmission System for Evacuation of power from Rajasthan REZ Ph-IV [Part-1]
[Bikaner Complex] Part A [Bikaner Neemrana Transmission Ltd]
(Power Grid Corporation of India Limited [POWERGRID])
(612134)","12/2023
(12/2023)","12/2025
(06/2026)","2998.34
(2998.34)",2098.83,60
Rajasthan,Road Transports and Highways,238,"Transmission System for Evacuation of Power from Rajasthan REZ Ph-IV [Part-2 5.5
GW][Jaisalmer/Barmer Complex] Part B [SPV Name POWERGRID Sirohi
Transmission Limited]
(Power Grid Corporation of India Limited [POWERGRID])
(615332)","08/2024
(08/2024)","08/2026
(12/2026)","3279
(3279)",1040.75,29
Rajasthan,Road Transports and Highways,239,"Transmission System Strengthening for Interconnections of Bhadla-III & Bikaner III
Complex [SPV Name POWERGRID BHADLA BIKANER TRANSMISSION LIMITED]
(Power Grid Corporation of India Limited [POWERGRID])
(615335)","08/2024
(08/2024)","08/2026
(12/2026)","1382
(1382)",201.08,12
Rajasthan,Road Transports and Highways,240,"Additional Transmission System for evacuation of Power from Bhadla-III PS as part of
Rajasthan REZ Phase III Scheme [20 GW] [SPV Name POWERGRID Bhadla-III
Power Transmission Limited]
(Power Grid Corporation of India Limited [POWERGRID])
(615337)","08/2024
(08/2024)","02/2026
(03/2026)","369
(369)",113.89,30
Rajasthan,Road Transports and Highways,241,"TRANSMISSION SYSTEM FOR EVACUATION OF POWER FROM RAJASTHAN
REZ PH -IV [PART-2 5.5 GW] [JAISALMER/BARMER COMPLEX] PART F [SPV
Name POWERGRID BARMER I TRANSMISSION LIMITED]
(Power Grid Corporation of India Limited [POWERGRID])
(615338)","11/2024
(11/2024)","11/2026
(06/2027)","2735
(2735)",533.05,17
Rajasthan,Road Transports and Highways,242,"Augmentation at Fatehgarh-II PS, Fatehgarh-IV PS [Section-II] and Barmer-I PS
[POWERGRID Fatehgarh Barmer Augmentation Transmission Limited]
(Power Grid Corporation of India Limited [POWERGRID])
(617181)","03/2025
(03/2025)","12/2026
(03/2027)","404
(404)",16.16,1
Sikkim,Civil Aviation,19,"Widening of basic strip at Western Side of Runway Chainage 80m to 920m i/c slope
stabilization Measures [Balance work] of uphill and Improvement of Storm Water
Drainage System at Pakyong Airport, Sikkim on design & build basis [EPC] with
integrated 10 years maintenance.
(Airport Authority of India [AAI])
(612793)","11/2023
(12/2023)","02/2026
(-)","323.26
(323.26)",38.7,18
Sikkim,Department of Higher Education,329,"Construction of Sikkim University Campus Phase-I Package-II at Yangang, South
Sikkim
(Sikkim University)
(609736)","08/2020
(01/2022)","01/2025
(03/2026)","314.06
(314.06)",238.22,85
Sikkim,Department of Higher Education,330,"Establishment of Permanent Campus of NIT SIkkim at Khamdong-Gangtok District
(NIT Sikkim)
(612883)","02/2024
(03/2024)","02/2028
(12/2026)","685.76
(610.76)",121.56,14
Sikkim,Power,171,"TEESTA-VI HE PROJECT, SIKKIM [500 MW], executed by LANCO TEESTA HYDRO
POWER LIMITED [A wholly owned Subsidiary of NHPC LTD. acquired through NCLT]
(National Hydroelectric Power Corporation Limited [NHPC])
(602181)","03/2019
(03/2020)","03/2024
(12/2027)","5748.04
(5748.04)",3887.11,70
Sikkim,Power,172,"Rangit-IV HE Project [120 MW] executed by Jal Power Corporation Ltd. [JPCL] - A
wholly owned subsidiary of NHPC Ltd. acquired through NCLT
(National Hydroelectric Power Corporation Limited [NHPC])
(605156)","03/2021
(08/2021)","05/2024
(12/2025)","938.29
(1828.11)",1488.78,93
Tamil Nadu,Civil Aviation,20,"Modernization of Chennai Airport, Phase II, Part 2
(Airport Authority of India [AAI])
(611602)","05/2018
(06/2023)","07/2025
(06/2026)","1207
(1207)",193.59,26
Tamil Nadu,Health and Family Welfare,466,"Construction of 100 Bedded ESIC Hospital building and 32 Nos Residential Quarters
at Vallam Vadangal, SIPCOT, Sriperumbudur
(Employee's State Insurance Company [ESIC])
(612178)","02/2015
(03/2023)","06/2025
(01/2026)","152.95
(177.01)",107.83,99
Tamil Nadu,Mines,304,"25.5 MW WIND POWER PROJECT AT KAYATHAR IN TAMILNADU
(National Aluminium Company Limited [NALCO])
(709832)","09/2017
(12/2017)","03/2025
(03/2026)","166
(166)",135,65
Tamil Nadu,Petroleum,350,"Laying of POL Pipelines in Common Corridor for proposed grass root terminal at
Vallur [Chennai]
(Ministry of Petroleum & Natural Gas)
(400043)","01/2022
(01/2022)","05/2026
(05/2026)","829
(829)",338.15,67
Tamil Nadu,Petroleum,351,"Grass root POL Terminal at Vallur, Chennai
(Indian Oil Corporation Limited [IOCL])
(400077)","01/2022
(01/2022)","12/2024
(03/2026)","827
(887.71)",649.51,90
Tamil Nadu,Petroleum,434,"CBR 9 MMTPA Project
(Chennai Petroleum Corporation Limited [CPCL])
(604795)","09/2021
(09/2021)","06/2025
(10/2028)","31580
(36354)",1397.8,10
Tamil Nadu,Petroleum,435,"Laying of new 28 inch Desal Water Pipeline and 10 inch Reject Water Pipeline
between CPCL Manali Refinery and CPCL Desalination plant at Ennore
(Chennai Petroleum Corporation Limited [CPCL])
(709750)","01/2024
(01/2024)","09/2025
(12/2025)","205
(205)",66.22,52
Tamil Nadu,Petroleum,436,"City Gas Distribution Projects at the Nilgiris and Erode districts
(Bharat Petroleum Corporation Limited [BPCL])
(709796)","12/2022
(12/2022)","03/2030
(03/2030)","3685
(3685)",250.98,21
Tamil Nadu,Power,145,"50 MW Solar PP Minedout Area
(NLC India Limited [NLCIL])
(615327)","08/2023
(02/2024)","03/2025
(12/2025)","218.03
(218.03)",164.7,75
Tamil Nadu,Railways,727,"Ph II extension of MRTS from Velachery to St Thomas Mount
(Ministry of Railways)
(400280)","11/2007
(11/2008)","07/2025
(09/2025)","734
(734.01)",475.73,99
Tamil Nadu,Railways,728,"Redevelopment of Chennai Egmore Station
(Ministry of Railways)
(613002)","05/2022
(10/2022)","03/2026
(-)","842
(842)",340,0
Tamil Nadu,Railways,729,"Coach Production Factory Upgradation Project
(CPM/ICF)
(705244)","12/2017
(07/2018)","12/2021
(-)","520
(520)",192.25,0
Tamil Nadu,Road Transports and Highways,243,"Transmission System under ISTS for evacuation of Power from Kudankulam Unit-3&4
[2x1000 MW] [SPV Name POWERGRID Kudankulam Tarnsmission Limited]
(Power Grid Corporation of India Limited [POWERGRID])
(616671)","01/2025
(01/2025)","12/2026
(12/2026)","548
(548)",65.46,11
Tamil Nadu,Urban Development,246,"Chennai Metro Rail Phase-II Development Project
(Chennai Metro Rail Limited [CMRL])
(702668)","10/2024
(11/2020)","08/2029
(-)","63246
(63246)",29336,47
Telangana,Coal,120,"Jawahar Khani Open Cast Mine
(Singareni Collieries Company Limited [SCCL])
(615818)","12/2021
(12/2021)","03/2025
(03/2027)","297.88
(297.88)",46.95,20
Telangana,Coal,121,"Kalyanikhani Opencast Project
(Singareni Collieries Company Limited [SCCL])
(615858)","03/2016
(05/2017)","03/2026
(-)","384.32
(384.32)",284.06,75
Telangana,Coal,122,"Kakathiya Khani Opencast - III Project Phase - I
(Singareni Collieries Company Limited [SCCL])
(615859)","03/2017
(05/2017)","03/2026
(-)","413.84
(413.84)",397.55,79
Telangana,Coal,123,"Godavarikhani Coal Mine - 5
(Singareni Collieries Company Limited [SCCL])
(615860)","07/2019
(05/2019)","03/2025
(03/2026)","607.04
(607.04)",191.78,71
Telangana,Coal,124,"Indaram Opencast Project
(Singareni Collieries Company Limited [SCCL])
(615861)","08/2017
(12/2022)","03/2025
(03/2026)","424.81
(424.81)",405,80
Telangana,Coal,125,"Goleti Opencast Mine
(Singareni Collieries Company Limited [SCCL])
(615862)","07/2021
(08/2021)","03/2026
(-)","345.6
(345.6)",76.19,21
Telangana,Coal,126,"Venkatesh Khani Coal Mine
(Singareni Collieries Company Limited [SCCL])
(615863)","10/2020
(06/2020)","03/2026
(-)","484.5
(484.5)",477.14,97
Telangana,Coal,127,"Ramagundam OC-II Extension Project
(Singareni Collieries Company Limited [SCCL])
(615864)","11/2015
(06/2015)","03/2026
(-)","489.62
(489.62)",405.54,77
Telangana,Coal,128,"Kakatiyakhani OC - 2 Project
(Singareni Collieries Company Limited [SCCL])
(615865)","08/2017
(09/2017)","03/2025
(03/2026)","442.42
(442.42)",230.28,63
Telangana,Department of Higher Education,331,"Construction of Precast housing and hostels at IIT Hyderabad
(Indian Institute of Technology, Hyderabad)
(609996)","09/2022
(11/2022)","10/2024
(01/2026)","262
(262)",194.13,80
Telangana,Health and Family Welfare,245,"Construction of One Tower of Office Complex and another Tower of Residential
quarters consisting of 10Nos. Type-V, 10Nos. Type-VI & 1No.Type-VII Quarters i/c
internal water supply, sanitary installation and all development and bulk services,
Horticulture works on EPC Mode-I basis i/c comprehensive operation and
maintenance of Civil, E&M services for 7 years after completion of original
construction work for Ranga Reddy, Secunderabad, Medchal, AuditI, Audit-II
Commissionerates of Central Tax at Khajaguda, Serilingampally, Hyderabad.
(Central Public Works Department - CPWD)
(617412)","03/2024
(11/2024)","09/2027
(-)","644
(644)",108.53,9
Telangana,Health and Family Welfare,453,"AIIMS Bibinagar
(PMSSY AND Institute of NATIONAL Importance)
(701171)","12/2018
(07/2022)","06/2026
(06/2026)","1028
(1365.95)",818.46,85
Telangana,Petroleum,437,"ATF Pipeline from BPCLs Malkapur POL Installation to Hyderabad International
airport
(MinistryofPetroleumNaturalGas)
(617822)","NA
(03/2025)","09/2027
(-)","215
(215)",0,10
Telangana,Railways,730,"Doubling between Bhadrachalam Road and Dornakal
(South Central Railway [SCR] - II)
(616856)","08/2023
(04/2025)","04/2029
(-)","770.12
(770.12)",16.34,0
Telangana,Railways,731,"Railway Manufacturing Unit
(South Central Railway [SCR] - II)
(617409)","07/2016
(02/2023)","12/2026
(-)","521.36
(521.36)",420,58
Telangana,Railways,732,"Kazipet Wagon Overhauling Project
(RVNL)
(705252)","09/2017
(07/2017)","12/2023
(-)","385
(385)",0,0
Telangana,Railways,733,"Manoharabad-Kothapalli New Rail Line [151 km]
(South Central Railway [SCR] - II)
(705437)","07/2016
(01/2017)","03/2027
(12/2027)","1160
(2781)",2116.77,71
Telangana,Water Resources,816,"Sri Ram Sagar Project Stage - II
(Irrigation and CAD-TG)
(400102)","04/2005
(04/2005)","12/2019
(03/2026)","736.13
(949.87)",940.7,96
Telangana,Water Resources,817,"Indiramma Flood Flow Canal Project
(Irrigation and CAD-TG)
(400103)","04/2005
(01/2006)","12/2019
(12/2026)","1331.3
(5940.09)",4491.08,92
Telangana,Water Resources,818,"J. Chokka Rao Devadula Lift Irrigation Scheme
(Irrigation and CAD-TG)
(701405)","04/2006
(04/2006)","12/2019
(12/2025)","8200.71
(14730)",4664.8,87
Telangana,Water Resources,819,"Rajiv Bhima Lift Irrigation Scheme
(Irrigation and CAD-TG)
(701406)","04/2007
(01/2008)","12/2019
(03/2026)","1402
(2509.66)",1839.76,100
Tripura,Petroleum,352,"Grass Root Rail-fed Depot at Sekerkote, Agartala as resitement of existing
Dharmanagar Depot
(Indian Oil Corporation Limited [IOCL])
(400035)","06/2022
(06/2022)","09/2025
(06/2026)","656
(656)",519.02,90
Tripura,Petroleum,438,"Creation of Gas Dehydration Facilities, Tripura Asset
(Oil and Natural Gas Corporation Limited [ONGC])
(709837)","03/2022
(03/2022)","05/2024
(05/2026)","209.33
(131.51)",70.94,66
Uttar Pradesh,Civil Aviation,21,"Construction of New Terminal Building, Second Link Taxi Track, Apron Expansion,
and associated works at Prayagraj Airport- On Design & Build Basis.
(Airport Authority of India [AAI])
(612063)","NA
(08/2023)","11/2024
(10/2025)","219.18
(274.38)",215.51,100
Uttar Pradesh,Civil Aviation,22,"Development of Lal Bahadur Shastri International airport, Varanasi including C/o New
Terminal Building, Apron Extension, Runway Extension, PTT and allied works.
(Airport Authority of India [AAI])
(701113)","07/2024
(07/2024)","07/2027
(07/2027)","2869.65
(2869.65)",384.32,19
Uttar Pradesh,Civil Aviation,23,"Development of New Integrated Civil Enclave at Agra Airport
(Airport Authority of India [AAI])
(701122)","06/2024
(07/2024)","07/2026
(-)","579
(579)",111.83,24
Uttar Pradesh,Department of Higher Education,332,"Banaras Hindu University [ Kayakalp of Institute of Medical Sciences]
(Banaras Hindu University)
(606479)","06/2020
(06/2020)","09/2022
(03/2026)","246
(246)",199.71,97
Uttar Pradesh,Petroleum,353,"Grass-root Terminal at Mirzapur, Uttar Pradesh
(Ministry of Petroleum & Natural Gas)
(604852)","09/2022
(09/2022)","11/2026
(11/2026)","980.45
(980.45)",234.6,58
Uttar Pradesh,Petroleum,439,"PP Project, Pata
(Gas Authority of India Limited [GAIL])
(400161)","03/2019
(03/2019)","01/2024
(12/2025)","910.56
(1299.02)",1051,99
Uttar Pradesh,Petroleum,440,"Revamping / Augmentation of Facilities at Mathura Bitumen Plant
(MinistryofPetroleumNaturalGas)
(709781)","04/2022
(04/2022)","06/2027
(12/2026)","260.12
(260.12)",10.38,33
Uttar Pradesh,Petroleum,441,"City Gas Distribution Projects at Lakhimpur Kheri , Sitapur, Bahraich,
Shravasti,Balrampur, Siddharth Nagar & Maharajganj districts
(Bharat Petroleum Corporation Limited [BPCL])
(709795)","12/2022
(12/2022)","06/2030
(06/2030)","16654
(16654)",630.34,12
Uttar Pradesh,Power,146,"Ghatampur Thermal Power Plant 3 X 660 MW
(NLC India Limited [NLCIL])
(400259)","07/2016
(08/2016)","11/2020
(03/2026)","17237.8
(21780.9)",20711.46,93
Uttar Pradesh,Power,173,"Khurja super Thermal Power Plant [2X660 MW]
(THDC India Limited)
(602194)","03/2019
(08/2019)","02/2024
(09/2025)","11089.42
(13276.2)",12951.99,100
Uttar Pradesh,Power,174,"Singrauli Super Thermal Power Project, Stage-III [2x800 MW]
(National Thermal Power Corporation [NTPC])
(612142)","03/2024
(03/2024)","02/2030
(-)","17195
(17195)",2211.69,13
Uttar Pradesh,Railways,734,"Bahraich-Shravasti-Balrampur-Siddharthnagar -Santkabir nagar
(North Eastern Railway [NER])
(400204)","10/2018
(03/2017)","10/2030
(10/2030)","4939.78
(4939.78)",1253.71,8
Uttar Pradesh,Railways,735,"Sahjanwa-Dohrighat
(North Eastern Railway [NER])
(400205)","08/2019
(03/2017)","03/2029
(03/2029)","1319.75
(1319.75)",485.96,3
Uttar Pradesh,Railways,736,"Anandnagar - Ghugli via Maharajganj New line 52.7 km
(Construction NER)
(617252)","10/2023
(11/2023)","03/2028
(-)","958.27
(958.27)",454.36,23
Uttar Pradesh,Railways,737,"Chunar-Chopan doubling project
(North Central Railway)
(617284)","08/2023
(01/2025)","03/2028
(-)","1423.96
(1423.96)",58.77,5
Uttar Pradesh,Railways,738,"Surface triangle line bet. Bhadura stn and new crossing stn Karma
(East Central Railway [ECR] - I)
(617333)","10/2022
(05/2024)","02/2027
(-)","199.96
(199.96)",0,0
Uttar Pradesh,Railways,739,"Doubling between Jaunpur Jn - Zaffarabad 6.28 km
(M/S SRC company Infra Private Limited)
(617370)","03/2023
(02/2025)","01/2027
(-)","180.66
(180.66)",4,12
Uttar Pradesh,Railways,740,"Burhwal Gonda 3rd line
(North Eastern Railway [NER])
(705567)","11/2017
(07/2019)","03/2025
(01/2026)","1016
(1118)",1435.86,88
Uttar Pradesh,Railways,741,"Janghai-Pratapgarh- Amethi
(CAO/C/II/NR)
(705588)","11/2017
(03/2017)","03/2025
(03/2026)","722
(1194)",1567,70
Uttar Pradesh,Railways,742,"Lalitpur-Birari with flyover at Lalitpur- 16 Km
(North Central Railway)
(705766)","03/2017
(11/2017)","12/2024
(01/2026)","304.44
(356)",234.88,80
Uttar Pradesh,Railways,743,"Allahabad-Bamhrauli Flyover Construction & 4th Railway Line Project
(North Central Railway)
(705771)","04/2019
(10/2020)","03/2026
(03/2026)","494
(494)",333,70
Uttar Pradesh,Railways,744,"Mughalsarai-Allahabad, 3rd line
(North Central Railway)
(705772)","12/2015
(03/2016)","12/2026
(03/2027)","2649
(2649.44)",1688.13,65
Uttar Pradesh,Railways,745,"Aligarh -Daud Khan Flyover Construction & 3rd Railway Line Project
(CAO/C/NCR)
(705774)","04/2019
(09/2020)","01/2025
(03/2027)","758
(779.49)",412.67,73
Uttar Pradesh,Railways,746,"Bhandai - Flyover for Etawah bound down train- 10 Km
(North Central Railway (NCR) - II)
(705777)","07/2020
(04/2021)","02/2026
(02/2027)","250.18
(250.18)",115.68,8
Uttar Pradesh,Railways,747,"Phephna-Indara, Mau-Shahganj doubling excluding Indara-Mau
(RVNL - I)
(705779)","05/2017
(10/2019)","12/2024
(03/2026)","1178
(1777)",1489.5,85
Uttar Pradesh,Railways,748,"Bhatni-Aurnihar with electrification excluding Indara-Mau
(RVNL - I)
(705780)","03/2018
(03/2017)","12/2024
(12/2025)","2529
(2529.46)",2051.69,94
Uttar Pradesh,Railways,749,"Barabanki-Malhaur 3rd & 4th Railway Line Project
(CAO/C/NR)
(705782)","01/2019
(04/2017)","03/2025
(03/2026)","407
(407)",317,75
Uttar Pradesh,Railways,750,"Janghai-Phaphamau Doubling Rail Line Project
(RVNL)
(705784)","11/2018
(03/2020)","03/2025
(03/2025)","357
(978.77)",579,95
Uttar Pradesh,Road Transports and Highways,244,"Transmission System for Strengthening to facilitate evacuation of power from
Bhadla/Bikaner Complex
(Power Grid Corporation of India Limited [POWERGRID])
(617269)","12/2024
(12/2024)","06/2026
(08/2026)","212.81
(212.81)",2.1,0
Uttar Pradesh,Urban Development,272,"Kanpur Metro Rail Project
(Uttar Pradesh metro rail corporation [UPMRC])
(702628)","05/2019
(11/2019)","05/2024
(03/2027)","11076.48
(11076.5)",9084.56,76
Uttar Pradesh,Urban Development,273,"Agra Metro Rail Project
(Uttar Pradesh metro rail corporation [UPMRC])
(702629)","05/2019
(12/2020)","05/2024
(06/2027)","8379.62
(8379.62)",6059.58,64
Uttar Pradesh,Water Resources,296,"Jaunpur Sewerage Management Infrastructure Project
(Ministry of Housing & Urban Affairs)
(702948)","03/2017
(08/2019)","06/2023
(12/2025)","235.73
(235.73)",205.84,87
Uttar Pradesh,Water Resources,297,"Jhansi Water Supply Infrastructure Phase-II Project
(Ministry of Housing & Urban Affairs)
(702949)","03/2017
(06/2019)","07/2023
(12/2025)","561.74
(561.74)",485.91,93
Uttar Pradesh,Water Resources,782,"Interception & Diversion with Rehabilitation of sewerage scheme at Agra under Hybrid
annuity based PPP model-Namami Gange Programme
(National Mission for Clean Ganga)
(616594)","05/2020
(04/2023)","04/2025
(12/2025)","842.25
(842.25)",208.64,77
Uttar Pradesh,Water Resources,783,"Pollution Abatement Works for River Kali Meerut under Meerut Municipality
Interception & Diversion with STP
(National Mission for Clean Ganga)
(616605)","05/2020
(11/2024)","12/2024
(05/2027)","690.71
(690.71)",34.79,38
Uttar Pradesh,Water Resources,820,"Saryu Nahar CADWM Project
(Irrigation & Water Resources-UP)
(400093)","04/2017
(04/2017)","12/2019
(03/2026)","1672.7
(1672.7)",22.24,1
Uttar Pradesh,Water Resources,821,"Morna [Gureghar] Irrigation Project
(Department of Water Resources, River Development & GR)
(701395)","04/2007
(12/2007)","12/2025
(-)","219.9
(219.9)",115.2,31
Uttar Pradesh,Water Resources,822,"Madhya Ganga canal Phase-II
(Irrigation & Water Resources-UP)
(701408)","04/2008
(04/2008)","12/2019
(12/2025)","1060.67
(4417.21)",4552.44,82
Uttarakhand,Department of Higher Education,333,"Construction & Development of Infrastructural Facilities in the main campus of NIT
Uttarakhand at Sumari, Pauri Garhwal
(National Institute of Technology Uttarakhand)
(611963)","06/2020
(04/2024)","09/2027
(-)","650.85
(650.85)",195.52,37
Uttarakhand,Power,175,"Tapovan-Vishnugad HEP [4x130 MW]
(National Thermal Power Corporation [NTPC])
(602185)","11/2006
(11/2006)","03/2013
(04/2029)","2978
(10907.3)",7291,77
Uttarakhand,Health and Family Welfare,467,"CONSTRUCTION OF 300 BEDDED HOSPITAL AT HARIDWAR
(Employee's State Insurance Company [ESIC])
(612259)","02/2021
(12/2021)","10/2024
(03/2026)","102.4
(297.63)",321.82,80
Uttarakhand,Power,176,"Tehri Pumped Storage Plant Project [4x250 MW]
(THDC India Limited)
(602193)","07/2006
(06/2011)","06/2022
(01/2026)","4825.6
(8339)",8169.51,98
Uttarakhand,Power,177,"Vishnugad Pipalkoti Hydro Electric Project [444 MW]
(THDC India Limited)
(602195)","08/2008
(01/2014)","12/2022
(03/2027)","3860.35
(6823.72)",5328.31,73
Uttarakhand,Railways,751,"Rishikesh-Karnaprayag New Rail Line- 125 km
(RVNL - I)
(705429)","11/2016
(08/2018)","12/2025
(03/2027)","38953
(38953)",24645.15,65
Uttarakhand,Urban Development,250,"Green Building Development Project
(ministry of housing and urban affairs)
(701766)","11/2019
(08/2019)","11/2023
(-)","150.97
(150.97)",18.95,31
Uttarakhand,Water Resources,823,"Jamrani Dam Multipurpose Project
(Irrigation-UK)
(613787)","10/2023
(11/2023)","06/2029
(-)","2584.1
(2584.1)",968.52,16
West Bengal,Civil Aviation,24,"Development of New Civil Enclave at Bagdogra Airport
(Airport Authority of India [AAI])
(611495)","08/2024
(09/2024)","01/2027
(01/2027)","1549
(1549)",340.78,15
West Bengal,Civil Aviation,25,"Re-Construction of Rigid portions of Secondary Runway, K and A Taxiway and
Strengthening of C Taxiway at NSCBI Airport Kolkata.
(Airport Authority of India [AAI])
(612791)","04/2023
(12/2023)","02/2025
(08/2026)","328.3
(328.3)",109.61,49
West Bengal,Coal,129,"MOHANPUR EXPANSION OC -PHASE I
(Eastern Coal Fields Limited [ECL])
(400173)","11/2020
(11/2020)","03/2026
(03/2030)","888.99
(888.99)",117.17,30
West Bengal,Coal,130,"BONJEMEHARI EXPANSION OCP
(Eastern Coal Fields Limited [ECL])
(400180)","08/2021
(08/2021)","03/2026
(03/2030)","570.11
(570.11)",82.77,16
West Bengal,Coal,131,"NAKRAKONDA KUMARDIH- B OCP
(Eastern Coal Fields Limited [ECL])
(400181)","08/2018
(08/2018)","03/2029
(-)","502.68
(502.67)",71.34,26
West Bengal,Coal,132,"SIDULI [OC & UG]
(ECL - CIL)
(400182)","05/2018
(05/2018)","03/2027
(03/2030)","535.18
(535.17)",5.28,14
West Bengal,Coal,133,"TILABONI UG
(Eastern Coal Fields Limited [ECL])
(400186)","01/2023
(01/2023)","03/2029
(-)","749.08
(749.07)",52.86,10
West Bengal,Coal,134,"JHANJRA EXPANSION UG
(Eastern Coal Fields Limited [ECL])
(400312)","04/2020
(04/2020)","03/2029
(-)","1210.12
(1210.12)",542.09,44
West Bengal,Coal,135,"SONEPUR BAZARI EXPANSION OCP [
(Eastern Coal Fields Limited [ECL])
(400315)","07/2021
(07/2021)","03/2029
(-)","5365.88
(5365.88)",586.07,17
West Bengal,Coal,136,"2.0 MTPA BHOJUDIH NLW WASHERY
(Ministry of Coal)
(611016)","12/2015
(03/2019)","09/2020
(12/2025)","384.57
(384.57)",357.14,97
West Bengal,Coal,137,"ITAPARA OCP
(Eastern Coal Fields Limited [ECL])
(612816)","12/2023
(12/2023)","03/2030
(-)","929.1
(929.1)",69.49,7
West Bengal,Coal,138,"SHYAMSUNDARPUR UG INCLUDING SA
(Eastern Coal Fields Limited [ECL])
(613793)","04/2020
(04/2020)","03/2026
(03/2028)","483.65
(483.65)",60.99,12
West Bengal,Coal,139,"PARASEA-BELBAID UG PROJECT
(Eastern Coal Fields Limited [ECL])
(613794)","01/2023
(01/2023)","03/2028
(-)","389.1
(389.1)",132.48,21
West Bengal,Coal,140,"PARASCOLE JAMBAD OCP
(Eastern Coal Fields Limited [ECL])
(616230)","11/2024
(11/2024)","03/2037
(-)","1193.55
(1193.55)",9.53,0
West Bengal,Department of Higher Education,334,"HEFA projects on development of student hostels, playgrounds, departmental
buildings, class room complex and other campus facilities in IIT Kharagpur
(Indian Institute of Technology, Kharagpur)
(609019)","06/2018
(04/2019)","03/2023
(03/2026)","500
(442)",390.6,89
West Bengal,Mines,298,"Construction of Basement + Ground Floor+ 10 Storeyed building for State of the Art
Director General, GSI Building at plot No.GN-40, Sector-V, Salt Lake, Kolkata
(Central Public Works Department (CPWD))
(617280)","04/2019
(02/2020)","08/2026
(-)","255.37
(255.37)",85.9,46
West Bengal,Petroleum,442,"Durgapur - Haldia Pipeline [Section-3B of JHBDPL Project]
(Ministry of Petroleum & Natural Gas)
(617302)","03/2017
(03/2017)","12/2020
(12/2025)","1740
(2493.15)",2304.3,91
West Bengal,Petroleum,443,"Siliguri-Jhapa Pipeline Project
(Indian Oil Corporation Limited (IOCL))
(617828)","09/2024
(09/2024)","03/2029
(03/2029)","267
(267)",1.37,7
West Bengal,Petroleum,444,"Siliguri Marketing Terminal [SMT] Capacity Augmentation Project
(Ministry of Petroleum & Natural Gas)
(617837)","11/2021
(11/2021)","12/2025
(12/2025)","484
(484)",282.21,79
West Bengal,Petroleum,445,"Haldia Panagarh Pipeline Project
(Hindustan Petroleum Corporation Limited)
(709753)","11/2022
(11/2022)","11/2025
(05/2026)","1010
(1010)",699.07,87
West Bengal,Petroleum,446,"CGD Project in Malda, Birbhum, Murshidabad, Dakshin Dinajpur GA ID 11A.03
(Hindustan Petroleum Corporation Limited)
(709758)","06/2022
(06/2022)","06/2030
(06/2030)","2628
(2628)",348.91,30
West Bengal,Petroleum,447,"City Gas Distribution Project at East Mednipore, West Mednipore & Jhargram Districts
(MinistryofPetroleumNaturalGas)
(709772)","03/2022
(03/2022)","06/2031
(06/2031)","609
(609)",58.09,2
West Bengal,Petroleum,448,"City Gas Distribution Projects at Alipurduar and Cooch Behar
(Bharat Petroleum Corporation Limited [BPCL])
(709791)","12/2022
(12/2022)","03/2030
(03/2030)","1017
(1017)",199.62,40
West Bengal,Power,178,"Raghunathpur Thermal Power Station Phase II [2X660 MW] at Raghunathpur, Purulia,
West Bengal
(Damodar Valley Corporation)
(400062)","01/2023
(02/2025)","06/2029
(-)","17673
(17673)",1458.01,2
West Bengal,Power,179,"Rammam-III HEPP [3x40 MW]
(National Thermal Power Corporation [NTPC])
(602184)","09/2014
(09/2014)","09/2019
(03/2029)","1381.84
(2865.56)",1393.94,51
West Bengal,Power,180,"Installation of FGD for 4x210 & 2x250 MW MTPS U 1-6
(Damodar Valley Corporation)
(602538)","06/2019
(02/2021)","01/2024
(12/2025)","1037
(1106)",1111.01,93
West Bengal,Railways,752,"Kalinarayanpur-Krishnanagar Doubling Alongwith Krishnanagar - Chapra New Line
And Naihati-Ranaghat 3rd Line.
(Eastern Railway [ER] - I)
(400247)","07/2015
(11/2005)","02/2027
(02/2027)","1000
(1000)",1053.99,69
West Bengal,Railways,753,"Tarakeshwar-Bishnupur New Line [82.47 km]
(Eastern Railway [ER] - I)
(400273)","03/2001
(02/2008)","03/2019
(02/2026)","1189
(1542)",1330.49,91
West Bengal,Railways,754,"Dum Dum Airport-New Garia via Rajarhat-Construction of Metro Railway
(RVNL - II)
(400277)","03/2010
(10/2011)","12/2025
(03/2026)","8964
(8964)",8316.32,81
West Bengal,Railways,755,"Construction of Balurghat-Hilli new BG Line
(Northeast Frontier Railway [NFR])
(612096)","12/2010
(12/2010)","03/2027
(03/2027)","1209
(1181.57)",405.31,9
West Bengal,Railways,756,"SER Upgradation of maintenance infrastructure at Shalimar into Vande Bharat Chair
Car maintenance cum workshop depot.
(South Eastern Railway - JH)
(617345)","03/2024
(12/2024)","10/2026
(-)","226.87
(226.87)",21.22,20
West Bengal,Railways,757,"Joka-BBD Bag new metro project
(RVNL - II)
(705730)","03/2010
(04/2010)","12/2026
(12/2029)","4835
(10362)",4672.28,51
West Bengal,Railways,758,"Noapara-Barasat via Bimanbandar - Construction of Metro railway [18 km]
(Metro Railway, Kolkata)
(706776)","11/2010
(03/2010)","08/2026
(03/2029)","4830
(4830)",2764.13,32
West Bengal,Railways,759,"Baranagar-Barrackpore and Dakshineshwar- Construction of Metro Railway
(RVNL - II)
(706777)","03/2010
(03/2010)","12/2026
(12/2025)","2298
(2734)",393.01,17
West Bengal,Shipping and Ports,478,"Berth No. 2 [previously Berth 3] of HDC Mechanization Project
(Haldia Dock Complex, Syama Prasad Mookerjee Port Authority)
(701576)","11/2022
(03/2023)","09/2025
(01/2026)","298.26
(298.26)",457.85,99
West Bengal,Shipping and Ports,479,"Shalukkhali Liquid Cargo Handling Facility Development Project
(Haldia Dock Complex, Syama Prasad Mookerjee Port Authority)
(701577)","01/2022
(08/2022)","08/2025
(-)","253.65
(253.65)",9.28,0
West Bengal,Steel,496,"Rebuilding of COB 4 at Durgapur Steel Plant
(Steel Authority of India Limited [SAIL])
(612781)","09/2023
(09/2023)","12/2026
(-)","916.78
(916.78)",154.56,21
West Bengal,Steel,497,"Installation of New Bar Mill at Durgapur Steel Plant
(Steel Authority of India Limited [SAIL])
(617242)","07/2024
(08/2024)","06/2027
(-)","2115.44
(2115.44)",257.17,37
West Bengal,Steel,498,"Up-gradation of Blast Furnace No. 3 at Durgapur Steel Plant
(Steel Authority of India Limited [SAIL])
(617246)","09/2024
(08/2024)","06/2026
(-)","758.09
(758.09)",95.38,8
West Bengal,Steel,499,"Third Ladle Furnace in Secondary Refinery Unit at IISCO Steel Plant
(Steel Authority of India Limited [SAIL])
(617248)","11/2024
(12/2024)","07/2026
(-)","227.96
(227.96)",27.2,34
West Bengal,Steel,500,"Revamping of Air Pollution Control Systems of SP-1 at Durgapur Steel Plant
(Steel Authority of India Limited [SAIL])
(617251)","07/2024
(12/2024)","05/2026
(-)","196.4
(196.4)",11.72,6
West Bengal,Steel,501,"Stamp Charge Battery No.12 Battery Proper at IISCO Steel Plant
(Steel Authority of India Limited [SAIL])
(617338)","01/2025
(02/2025)","07/2028
(-)","2518.39
(2518.39)",210.51,8
West Bengal,Water Resources,784,"Pollution Abatement works for River Ganga at Hooghly Chinsurah- Municipal Town
Interception & Diversion with STP
(National Mission for Clean Ganga)
(616604)","05/2018
(12/2021)","03/2025
(12/2025)","154.73
(154.73)",96.17,92
